gvkey,datadate,fyear,indfmt,consol,popsrc,datafmt,tic,curcd,costat,ggroup
001004,20210531,2020,INDL,C,D,STD,AIR,USD,A,2010
001045,20211231,2021,INDL,C,D,STD,AAL,USD,A,2030
001075,20211231,2021,INDL,C,D,STD,PNW,USD,A,5510
001078,20211231,2021,INDL,C,D,STD,ABT,USD,A,3510
001161,20211231,2021,INDL,C,D,STD,AMD,USD,A,4530
001209,20210930,2021,INDL,C,D,STD,APD,USD,A,1510
001230,20211231,2021,INDL,C,D,STD,ALK,USD,A,2030
001234,20211231,2021,INDL,C,D,STD,ATRI,USD,A,3510
001254,20211231,2021,INDL,C,D,STD,MATX,USD,A,2030
001257,20211231,2021,INDL,C,D,STD,ALX,USD,A,6010
001300,20211231,2021,INDL,C,D,STD,HON,USD,A,2010
001327,20210930,2021,INDL,C,D,STD,SWKS,USD,A,4530
001380,20211231,2021,INDL,C,D,STD,HES,USD,A,1010
001410,20211031,2021,INDL,C,D,STD,ABM,USD,A,2020
001414,20211231,2021,INDL,C,D,STD,PRI,USD,A,4030
001439,20211231,2021,INDL,C,D,STD,ECOL,USD,A,2020
001440,20211231,2021,INDL,C,D,STD,AEP,USD,A,5510
001447,20211231,2021,INDL,C,D,STD,AXP,USD,A,4020
001449,20211231,2021,INDL,C,D,STD,AFL,USD,A,4030
001487,20211231,2021,INDL,C,D,STD,AIG,USD,A,4030
001526,20211231,2021,INDL,C,D,STD,ANAT,USD,A,4030
001562,20210430,2020,INDL,C,D,STD,AMSWA,USD,A,4510
001585,20211231,2021,INDL,C,D,STD,AVD,USD,A,1510
001598,20211231,2021,INDL,C,D,STD,AME,USD,A,2010
001602,20211231,2021,INDL,C,D,STD,AMGN,USD,A,3520
001632,20211031,2021,INDL,C,D,STD,ADI,USD,A,4530
001659,20211231,2021,INDL,C,D,STD,ANDE,USD,A,3010
001661,20211231,2021,INDL,C,D,STD,NBR,USD,A,1010
001678,20211231,2021,INDL,C,D,STD,APA,USD,A,1010
001686,20210228,2020,INDL,C,D,STD,APOG,USD,A,2010
001690,20210930,2021,INDL,C,D,STD,AAPL,USD,A,4520
001704,20211031,2021,INDL,C,D,STD,AMAT,USD,A,4530
001722,20211231,2021,INDL,C,D,STD,ADM,USD,A,3020
001743,20211231,2021,INDL,C,D,STD,ARCB,USD,A,2030
001773,20211231,2021,INDL,C,D,STD,ARW,USD,A,4520
001794,20210930,2021,INDL,C,D,STD,ASH,USD,A,1510
001823,20211231,2021,INDL,C,D,STD,ATRO,USD,A,2010
001864,20210131,2020,INDL,C,D,STD,REX,USD,A,1010
001878,20210131,2020,INDL,C,D,STD,ADSK,USD,A,4510
001891,20210630,2021,INDL,C,D,STD,ADP,USD,A,4510
001913,20211231,2021,INDL,C,D,STD,AVY,USD,A,1510
001919,20210630,2021,INDL,C,D,STD,AVT,USD,A,4520
001926,20210228,2020,INDL,C,D,STD,AZZ,USD,A,2010
001968,20211231,2021,INDL,C,D,STD,BMI,USD,A,4520
001979,20211231,2021,INDL,C,D,STD,BCPC,USD,A,1510
001988,20211231,2021,INDL,C,D,STD,BLL,USD,A,1510
002002,20211231,2021,INDL,C,D,STD,BPOP,USD,A,4010
002005,20211231,2021,INDL,C,D,STD,BOH,USD,A,4010
002019,20211231,2021,INDL,C,D,STD,BK,USD,A,4020
002049,20211231,2021,INDL,C,D,STD,B,USD,A,2010
002086,20211231,2021,INDL,C,D,STD,BAX,USD,A,3510
002101,20210630,2021,INDL,C,D,STD,AIT,USD,A,2010
002111,20210930,2021,INDL,C,D,STD,BDX,USD,A,3510
002136,20211231,2021,INDL,C,D,STD,VZ,USD,A,5010
002184,20210131,2020,INDL,C,D,STD,BBY,USD,A,2550
002259,20211231,2021,INDL,C,D,STD,BKH,USD,A,5510
002269,20210430,2020,INDL,C,D,STD,HRB,USD,A,2530
002285,20211231,2021,INDL,C,D,STD,BA,USD,A,2010
002312,20211231,2021,INDL,C,D,STD,RHI,USD,A,2020
002352,20210731,2021,INDL,C,D,STD,BRC,USD,A,2020
002403,20211231,2021,INDL,C,D,STD,BMY,USD,A,3520
002436,20210131,2020,INDL,C,D,STD,CAL,USD,A,2550
002444,20211231,2021,INDL,C,D,STD,BC,USD,A,2520
002448,20211231,2021,INDL,C,D,STD,MTRN,USD,A,1510
002497,20211231,2021,INDL,C,D,STD,MTZ,USD,A,2010
002504,20211231,2021,INDL,C,D,STD,UIS,USD,A,4510
002547,20211231,2021,INDL,C,D,STD,CI,USD,A,3510
002558,20211231,2021,INDL,C,D,STD,CNA,USD,A,4030
002574,20211231,2021,INDL,C,D,STD,CSX,USD,A,2030
002577,20211231,2021,INDL,C,D,STD,CTS,USD,A,4520
002593,20210930,2021,INDL,C,D,STD,CBT,USD,A,1510
002596,20210630,2021,INDL,C,D,STD,CACI,USD,A,2020
002615,20210228,2020,INDL,C,D,STD,CAMP,USD,A,4520
002628,20211231,2021,INDL,C,D,STD,CWT,USD,A,5510
002663,20210731,2021,INDL,C,D,STD,CPB,USD,A,3020
002751,20210630,2021,INDL,C,D,STD,CAH,USD,A,3510
002771,20211231,2021,INDL,C,D,STD,CSL,USD,A,2010
002787,20210630,2021,INDL,C,D,STD,CRS,USD,A,1510
002807,20210430,2020,INDL,C,D,STD,CASY,USD,A,3010
002817,20211231,2021,INDL,C,D,STD,CAT,USD,A,2010
002818,20210131,2020,INDL,C,D,STD,CATO,USD,A,2550
002820,20210331,2020,INDL,C,D,STD,CVCO,USD,A,2520
002960,20211231,2021,INDL,C,D,STD,CHE,USD,A,3510
002968,20211231,2021,INDL,C,D,STD,JPM,USD,A,4010
002986,20211231,2021,INDL,C,D,STD,CPK,USD,A,5510
002991,20211231,2021,INDL,C,D,STD,CVX,USD,A,1010
003007,20210630,2021,INDL,C,D,STD,EAT,USD,A,2530
003026,20211231,2021,INDL,C,D,STD,CHD,USD,A,3030
003028,20211231,2021,INDL,C,D,STD,CHDN,USD,A,2530
003062,20210531,2020,INDL,C,D,STD,CTAS,USD,A,2020
003107,20211231,2021,INDL,C,D,STD,CLF,USD,A,1510
003121,20210630,2021,INDL,C,D,STD,CLX,USD,A,3030
003138,20211231,2021,INDL,C,D,STD,COKE,USD,A,3020
003144,20211231,2021,INDL,C,D,STD,KO,USD,A,3020
003153,20211231,2021,INDL,C,D,STD,CDE,USD,A,1510
003157,20210930,2021,INDL,C,D,STD,COHR,USD,A,4520
003158,20211231,2021,INDL,C,D,STD,COHU,USD,A,4530
003170,20211231,2021,INDL,C,D,STD,CL,USD,A,3030
003203,20210831,2021,INDL,C,D,STD,CCF,USD,A,1510
003221,20211231,2021,INDL,C,D,STD,AON,USD,A,4030
003226,20211231,2021,INDL,C,D,STD,CMCSA,USD,A,5020
003231,20211231,2021,INDL,C,D,STD,CMA,USD,A,4010
003238,20211231,2021,INDL,C,D,STD,CBSH,USD,A,4010
003243,20211231,2021,INDL,C,D,STD,C,USD,A,4010
003246,20210831,2021,INDL,C,D,STD,CMC,USD,A,1510
003278,20211231,2021,INDL,C,D,STD,CAR,USD,A,2030
003358,20210731,2021,INDL,C,D,STD,CMTL,USD,A,4520
003362,20210531,2020,INDL,C,D,STD,CAG,USD,A,3020
003382,20211231,2021,INDL,C,D,STD,SSTK,USD,A,2550
003413,20211231,2021,INDL,C,D,STD,ED,USD,A,5510
003429,20211231,2021,INDL,C,D,STD,CTO,USD,A,6010
003439,20211231,2021,INDL,C,D,STD,CMS,USD,A,5510
003469,20211231,2021,INDL,C,D,STD,CLR,USD,A,1010
003504,20211031,2021,INDL,C,D,STD,COO,USD,A,3510
003532,20211231,2021,INDL,C,D,STD,GLW,USD,A,4520
003562,20211231,2021,INDL,C,D,STD,CUZ,USD,A,6010
003570,20210731,2021,INDL,C,D,STD,CBRL,USD,A,2530
003580,20211231,2021,INDL,C,D,STD,CR,USD,A,2010
003592,20211231,2021,INDL,C,D,STD,OMF,USD,A,4020
003619,20211231,2021,INDL,C,D,STD,CCK,USD,A,1510
003643,20211231,2021,INDL,C,D,STD,CFR,USD,A,4010
003650,20211231,2021,INDL,C,D,STD,CMI,USD,A,2010
003662,20211231,2021,INDL,C,D,STD,CW,USD,A,2010
003708,20211231,2021,INDL,C,D,STD,WEN,USD,A,2530
003734,20211231,2021,INDL,C,D,STD,DAN,USD,A,2510
003735,20211231,2021,INDL,C,D,STD,DHR,USD,A,3520
003813,20210131,2020,INDL,C,D,STD,TGT,USD,A,2550
003835,20211031,2021,INDL,C,D,STD,DE,USD,A,2010
003851,20211231,2021,INDL,C,D,STD,DAL,USD,A,2030
003863,20211231,2021,INDL,C,D,STD,DLX,USD,A,2020
003897,20211231,2021,INDL,C,D,STD,DTE,USD,A,5510
003946,20211231,2021,INDL,C,D,STD,DBD,USD,A,4520
003964,20210131,2020,INDL,C,D,STD,DDS,USD,A,2550
003969,20211231,2021,INDL,C,D,STD,DIOD,USD,A,4530
003980,20210930,2021,INDL,C,D,STD,DIS,USD,A,5020
004016,20210131,2020,INDL,C,D,STD,DG,USD,A,2550
004029,20211231,2021,INDL,C,D,STD,D,USD,A,5510
004036,20210731,2021,INDL,C,D,STD,DCI,USD,A,2010
004058,20211231,2021,INDL,C,D,STD,DOV,USD,A,2010
004066,20211231,2021,INDL,C,D,STD,OMC,USD,A,5020
004091,20211231,2021,INDL,C,D,STD,DCO,USD,A,2010
004093,20211231,2021,INDL,C,D,STD,DUK,USD,A,5510
004108,20211231,2021,INDL,C,D,STD,FLS,USD,A,2010
004115,20210131,2020,INDL,C,D,STD,DY,USD,A,2010
004145,20211231,2021,INDL,C,D,STD,PKI,USD,A,3520
004193,20211231,2021,INDL,C,D,STD,EGP,USD,A,6010
004194,20211231,2021,INDL,C,D,STD,KODK,USD,A,4520
004199,20211231,2021,INDL,C,D,STD,ETN,USD,A,2010
004213,20211231,2021,INDL,C,D,STD,ECL,USD,A,1510
004321,20210930,2021,INDL,C,D,STD,EMR,USD,A,2010
004383,20210930,2021,INDL,C,D,STD,ATO,USD,A,5510
004384,20211231,2021,INDL,C,D,STD,MARA,USD,A,4510
004390,20210228,2020,INDL,C,D,STD,EBF,USD,A,2020
004423,20211231,2021,INDL,C,D,STD,EFX,USD,A,2020
004430,20211231,2021,INDL,C,D,STD,EQT,USD,A,1010
004462,20211231,2021,INDL,C,D,STD,NEU,USD,A,1510
004494,20211231,2021,INDL,C,D,STD,EXPD,USD,A,2030
004497,20211231,2021,INDL,C,D,STD,BOOM,USD,A,1010
004498,20210930,2021,INDL,C,D,STD,IIIN,USD,A,2010
004510,20211231,2021,INDL,C,D,STD,FMC,USD,A,1510
004517,20211231,2021,INDL,C,D,STD,NEE,USD,A,5510
004598,20210531,2020,INDL,C,D,STD,FDX,USD,A,2030
004605,20211231,2021,INDL,C,D,STD,FRT,USD,A,6010
004608,20211231,2021,INDL,C,D,STD,FSS,USD,A,2010
004611,20210131,2020,INDL,C,D,STD,M,USD,A,2550
004622,20211231,2021,INDL,C,D,STD,FOE,USD,A,1510
004640,20211231,2021,INDL,C,D,STD,FITB,USD,A,4010
004674,20211231,2021,INDL,C,D,STD,RF,USD,A,4010
004685,20211231,2021,INDL,C,D,STD,TRMK,USD,A,4010
004690,20211231,2021,INDL,C,D,STD,FCNCA,USD,A,4010
004699,20211231,2021,INDL,C,D,STD,MTB,USD,A,4010
004723,20211231,2021,INDL,C,D,STD,USB,USD,A,4010
004737,20211231,2021,INDL,C,D,STD,FHN,USD,A,4010
004809,20211231,2021,INDL,C,D,STD,FLO,USD,A,3020
004818,20211231,2021,INDL,C,D,STD,FLR,USD,A,2010
004839,20211231,2021,INDL,C,D,STD,F,USD,A,2510
004881,20211231,2021,INDL,C,D,STD,FELE,USD,A,2010
004885,20210930,2021,INDL,C,D,STD,BEN,USD,A,4020
004926,20211130,2021,INDL,C,D,STD,FUL,USD,A,1510
004941,20211231,2021,INDL,C,D,STD,GATX,USD,A,2010
004973,20211231,2021,INDL,C,D,STD,AJG,USD,A,4030
004988,20211231,2021,INDL,C,D,STD,TGNA,USD,A,5020
004990,20210131,2020,INDL,C,D,STD,GPS,USD,A,2550
005018,20211231,2021,INDL,C,D,STD,AJRD,USD,A,2010
005046,20211231,2021,INDL,C,D,STD,GD,USD,A,2010
005047,20211231,2021,INDL,C,D,STD,GE,USD,A,2010
005071,20210531,2020,INDL,C,D,STD,GIS,USD,A,3020
005072,20211231,2021,INDL,C,D,STD,ALLY,USD,A,4020
005073,20211231,2021,INDL,C,D,STD,GM,USD,A,2510
005087,20211231,2021,INDL,C,D,STD,SPXC,USD,A,2010
005109,20210131,2020,INDL,C,D,STD,GCO,USD,A,2550
005116,20211231,2021,INDL,C,D,STD,GNTX,USD,A,2510
005125,20211231,2021,INDL,C,D,STD,GPC,USD,A,2550
005149,20211231,2021,INDL,C,D,STD,GTY,USD,A,6010
005179,20211231,2021,INDL,C,D,STD,GLT,USD,A,1510
005234,20211231,2021,INDL,C,D,STD,GT,USD,A,2510
005237,20211231,2021,INDL,C,D,STD,GRC,USD,A,2010
005252,20211231,2021,INDL,C,D,STD,GGG,USD,A,2010
005256,20211231,2021,INDL,C,D,STD,GWW,USD,A,2010
005342,20211231,2021,INDL,C,D,STD,MGI,USD,A,4510
005439,20211231,2021,INDL,C,D,STD,HAL,USD,A,1010
005496,20211231,2021,INDL,C,D,STD,HSC,USD,A,2020
005518,20211231,2021,INDL,C,D,STD,HAS,USD,A,2520
005520,20211231,2021,INDL,C,D,STD,AMOT,USD,A,2010
005526,20211231,2021,INDL,C,D,STD,HE,USD,A,5510
005530,20210331,2020,INDL,C,D,STD,HWKN,USD,A,1510
005539,20211231,2021,INDL,C,D,STD,HCSG,USD,A,2020
005559,20211231,2021,INDL,C,D,STD,STRL,USD,A,2010
005560,20211231,2021,INDL,C,D,STD,HL,USD,A,1510
005568,20211231,2021,INDL,C,D,STD,KHC,USD,A,3020
005572,20210228,2020,INDL,C,D,STD,HELE,USD,A,2520
005581,20210930,2021,INDL,C,D,STD,HP,USD,A,1010
005597,20211231,2021,INDL,C,D,STD,HSY,USD,A,3020
005606,20211031,2021,INDL,C,D,STD,HPQ,USD,A,4520
005608,20211231,2021,INDL,C,D,STD,HXL,USD,A,2010
005643,20211231,2021,INDL,C,D,STD,HLT,USD,A,2530
005680,20210131,2020,INDL,C,D,STD,HD,USD,A,2550
005690,20211231,2021,INDL,C,D,STD,HNI,USD,A,2020
005709,20211031,2021,INDL,C,D,STD,HRL,USD,A,3020
005742,20211231,2021,INDL,C,D,STD,CNP,USD,A,5510
005750,20211031,2021,INDL,C,D,STD,HOV,USD,A,2520
005763,20211031,2021,INDL,C,D,STD,UBA,USD,A,6010
005764,20211231,2021,INDL,C,D,STD,HUBB,USD,A,2010
005783,20211231,2021,INDL,C,D,STD,JBHT,USD,A,2030
005786,20211231,2021,INDL,C,D,STD,HBAN,USD,A,4010
005860,20211231,2021,INDL,C,D,STD,ITT,USD,A,2010
005870,20211231,2021,INDL,C,D,STD,IDA,USD,A,5510
005878,20211231,2021,INDL,C,D,STD,ITW,USD,A,2010
005968,20211231,2021,INDL,C,D,STD,RYI,USD,A,1510
005987,20210930,2021,INDL,C,D,STD,GFF,USD,A,2010
006008,20211231,2021,INDL,C,D,STD,INTC,USD,A,4530
006066,20211231,2021,INDL,C,D,STD,IBM,USD,A,4510
006078,20211231,2021,INDL,C,D,STD,IFF,USD,A,1510
006100,20211231,2021,INDL,C,D,STD,IDCC,USD,A,4510
006104,20211231,2021,INDL,C,D,STD,IP,USD,A,1510
006136,20211231,2021,INDL,C,D,STD,IPG,USD,A,5020
006223,20211231,2021,INDL,C,D,STD,EME,USD,A,2010
006266,20211231,2021,INDL,C,D,STD,JNJ,USD,A,3520
006268,20210930,2021,INDL,C,D,STD,JCI,USD,A,2010
006304,20210630,2021,INDL,C,D,STD,KLAC,USD,A,4530
006310,20211231,2021,INDL,C,D,STD,KMI,USD,A,1010
006326,20211231,2021,INDL,C,D,STD,KAMN,USD,A,2010
006375,20211231,2021,INDL,C,D,STD,K,USD,A,3020
006379,20211231,2021,INDL,C,D,STD,KELYA,USD,A,2020
006386,20210630,2021,INDL,C,D,STD,KMT,USD,A,2010
006433,20210630,2021,INDL,C,D,STD,KBAL,USD,A,2020
006435,20211231,2021,INDL,C,D,STD,KMB,USD,A,3030
006461,20211231,2021,INDL,C,D,STD,KEX,USD,A,2030
006502,20210131,2020,INDL,C,D,STD,KR,USD,A,3010
006509,20210930,2021,INDL,C,D,STD,KLIC,USD,A,4530
006543,20210430,2020,INDL,C,D,STD,LZB,USD,A,2520
006547,20210930,2021,INDL,C,D,STD,SR,USD,A,5510
006565,20210630,2021,INDL,C,D,STD,LRCX,USD,A,4530
006573,20210630,2021,INDL,C,D,STD,LANC,USD,A,3020
006649,20211231,2021,INDL,C,D,STD,LEG,USD,A,2520
006730,20211231,2021,INDL,C,D,STD,LLY,USD,A,3520
006737,20211231,2021,INDL,C,D,STD,LECO,USD,A,2010
006742,20211231,2021,INDL,C,D,STD,LNC,USD,A,4030
006774,20211231,2021,INDL,C,D,STD,LMT,USD,A,2010
006781,20211231,2021,INDL,C,D,STD,L,USD,A,4030
006821,20211231,2021,INDL,C,D,STD,LPX,USD,A,1510
006829,20210131,2020,INDL,C,D,STD,LOW,USD,A,2550
006865,20211231,2021,INDL,C,D,STD,MDC,USD,A,2520
006867,20211231,2021,INDL,C,D,STD,MDU,USD,A,2010
006932,20211231,2021,INDL,C,D,STD,MGEE,USD,A,5510
006994,20211231,2021,INDL,C,D,STD,MTW,USD,A,2010
007017,20211231,2021,INDL,C,D,STD,MRO,USD,A,1010
007022,20211231,2021,INDL,C,D,STD,MCS,USD,A,5020
007063,20211231,2021,INDL,C,D,STD,HST,USD,A,6010
007065,20211231,2021,INDL,C,D,STD,MMC,USD,A,4030
007085,20211231,2021,INDL,C,D,STD,MAS,USD,A,2010
007116,20211231,2021,INDL,C,D,STD,MAT,USD,A,2520
007154,20211231,2021,INDL,C,D,STD,MCD,USD,A,2530
007161,20211231,2021,INDL,C,D,STD,MGRC,USD,A,2010
007163,20211231,2021,INDL,C,D,STD,SPGI,USD,A,4020
007171,20210331,2020,INDL,C,D,STD,MCK,USD,A,3510
007228,20210430,2020,INDL,C,D,STD,MDT,USD,A,3510
007241,20211231,2021,INDL,C,D,STD,CVS,USD,A,3510
007257,20211231,2021,INDL,C,D,STD,MRK,USD,A,3520
007275,20210331,2020,INDL,C,D,STD,MLAB,USD,A,3510
007291,20210430,2020,INDL,C,D,STD,MEI,USD,A,4520
007343,20210831,2021,INDL,C,D,STD,MU,USD,A,4530
007366,20211231,2021,INDL,C,D,STD,ETR,USD,A,5510
007368,20211231,2021,INDL,C,D,STD,MSEX,USD,A,5510
007420,20211231,2021,INDL,C,D,STD,MSA,USD,A,2020
007435,20211231,2021,INDL,C,D,STD,MMM,USD,A,2010
007437,20211231,2021,INDL,C,D,STD,ALE,USD,A,5510
007486,20210331,2020,INDL,C,D,STD,MOD,USD,A,2510
007526,20211231,2021,INDL,C,D,STD,QDEL,USD,A,3510
007585,20211231,2021,INDL,C,D,STD,MSI,USD,A,4520
007620,20211231,2021,INDL,C,D,STD,MUR,USD,A,1010
007636,20211231,2021,INDL,C,D,STD,MYE,USD,A,1510
007647,20211231,2021,INDL,C,D,STD,BAC,USD,A,4010
007648,20211231,2021,INDL,C,D,STD,NCR,USD,A,4510
007685,20210630,2021,INDL,C,D,STD,NSSC,USD,A,4520
007733,20210930,2021,INDL,C,D,STD,NFG,USD,A,5510
007741,20211231,2021,INDL,C,D,STD,NHC,USD,A,3510
007750,20211231,2021,INDL,C,D,STD,THC,USD,A,3510
007762,20211231,2021,INDL,C,D,STD,NPK,USD,A,2010
007849,20210930,2021,INDL,C,D,STD,NJR,USD,A,5510
007866,20211231,2021,INDL,C,D,STD,NYT,USD,A,5020
007875,20211231,2021,INDL,C,D,STD,NWL,USD,A,2520
007881,20211231,2021,INDL,C,D,STD,NEM,USD,A,1510
007882,20211231,2021,INDL,C,D,STD,NR,USD,A,1010
007906,20210531,2020,INDL,C,D,STD,NKE,USD,A,2520
007921,20211031,2021,INDL,C,D,STD,NDSN,USD,A,2010
007922,20210131,2020,INDL,C,D,STD,JWN,USD,A,2550
007923,20211231,2021,INDL,C,D,STD,NSC,USD,A,2030
007951,20210131,2020,INDL,C,D,STD,MOV,USD,A,2520
007970,20211231,2021,INDL,C,D,STD,ES,USD,A,5510
007974,20211231,2021,INDL,C,D,STD,NI,USD,A,5510
007977,20211231,2021,INDL,C,D,STD,XEL,USD,A,5510
007982,20211231,2021,INDL,C,D,STD,NTRS,USD,A,4020
007985,20211231,2021,INDL,C,D,STD,NOC,USD,A,2010
007991,20211231,2021,INDL,C,D,STD,TEX,USD,A,2010
007993,20211231,2021,INDL,C,D,STD,NWN,USD,A,5510
008001,20211231,2021,INDL,C,D,STD,NWE,USD,A,5510
008007,20211231,2021,INDL,C,D,STD,WFC,USD,A,4010
008030,20211231,2021,INDL,C,D,STD,NUE,USD,A,1510
008068,20211231,2021,INDL,C,D,STD,OXY,USD,A,1010
008079,20211231,2021,INDL,C,D,STD,OII,USD,A,1010
008099,20211231,2021,INDL,C,D,STD,FE,USD,A,5510
008113,20211231,2021,INDL,C,D,STD,OGE,USD,A,5510
008123,20211231,2021,INDL,C,D,STD,OLN,USD,A,1510
008148,20211231,2021,INDL,C,D,STD,OLP,USD,A,6010
008151,20211231,2021,INDL,C,D,STD,OKE,USD,A,1010
008199,20211231,2021,INDL,C,D,STD,OTTR,USD,A,5510
008213,20211231,2021,INDL,C,D,STD,OMI,USD,A,3510
008214,20211231,2021,INDL,C,D,STD,OC,USD,A,2010
008215,20211231,2021,INDL,C,D,STD,OI,USD,A,1510
008219,20210131,2020,INDL,C,D,STD,OXM,USD,A,2520
008245,20211231,2021,INDL,C,D,STD,PNC,USD,A,4010
008247,20211231,2021,INDL,C,D,STD,PPG,USD,A,1510
008253,20211231,2021,INDL,C,D,STD,PCAR,USD,A,2010
008264,20211231,2021,INDL,C,D,STD,PCG,USD,A,5510
008272,20211231,2021,INDL,C,D,STD,SRE,USD,A,5510
008334,20211231,2021,INDL,C,D,STD,PAR,USD,A,4520
008348,20210228,2020,INDL,C,D,STD,PKE,USD,A,2010
008358,20210630,2021,INDL,C,D,STD,PH,USD,A,2010
008386,20211231,2021,INDL,C,D,STD,PATK,USD,A,2510
008402,20210531,2020,INDL,C,D,STD,PAYX,USD,A,4510
008431,20211231,2021,INDL,C,D,STD,AFG,USD,A,4030
008455,20211231,2021,INDL,C,D,STD,PPL,USD,A,5510
008463,20211231,2021,INDL,C,D,STD,PNR,USD,A,2010
008479,20211231,2021,INDL,C,D,STD,PEP,USD,A,3020
008486,20211231,2021,INDL,C,D,STD,TPC,USD,A,2010
008512,20211231,2021,INDL,C,D,STD,PDCE,USD,A,1010
008530,20211231,2021,INDL,C,D,STD,PFE,USD,A,3520
008539,20211231,2021,INDL,C,D,STD,EXC,USD,A,5510
008543,20211231,2021,INDL,C,D,STD,MO,USD,A,3020
008549,20211231,2021,INDL,C,D,STD,COP,USD,A,1010
008551,20210131,2020,INDL,C,D,STD,PVH,USD,A,2520
008582,20210331,2020,INDL,C,D,STD,SENEA,USD,A,3020
008599,20210331,2020,INDL,C,D,STD,AGYS,USD,A,4510
008606,20211231,2021,INDL,C,D,STD,PBI,USD,A,2020
008692,20211231,2021,INDL,C,D,STD,PCH,USD,A,6010
008762,20210630,2021,INDL,C,D,STD,PG,USD,A,3030
008807,20211231,2021,INDL,C,D,STD,PNM,USD,A,5510
008810,20211231,2021,INDL,C,D,STD,PEG,USD,A,5510
008823,20211231,2021,INDL,C,D,STD,PHM,USD,A,2520
008826,20210831,2021,INDL,C,D,STD,PCYO,USD,A,5510
008832,20210131,2020,INDL,C,D,STD,AGX,USD,A,2010
008850,20211231,2021,INDL,C,D,STD,KWR,USD,A,1510
008898,20210930,2021,INDL,C,D,STD,RJF,USD,A,4020
008901,20211231,2021,INDL,C,D,STD,RES,USD,A,1010
008902,20210531,2020,INDL,C,D,STD,RPM,USD,A,1510
009063,20211231,2021,INDL,C,D,STD,AN,USD,A,2550
009155,20210228,2020,INDL,C,D,STD,RAD,USD,A,3010
009203,20210930,2021,INDL,C,D,STD,ROK,USD,A,2010
009216,20211231,2021,INDL,C,D,STD,ROG,USD,A,4520
009225,20211231,2021,INDL,C,D,STD,ROL,USD,A,2020
009248,20210131,2020,INDL,C,D,STD,ROST,USD,A,2550
009273,20210630,2021,INDL,C,D,STD,RGLD,USD,A,1510
009299,20211231,2021,INDL,C,D,STD,R,USD,A,2030
009317,20211231,2021,INDL,C,D,STD,SEIC,USD,A,4020
009324,20211231,2021,INDL,C,D,STD,SJW,USD,A,5510
009465,20211231,2021,INDL,C,D,STD,SLB,USD,A,1010
009466,20210531,2020,INDL,C,D,STD,SCHL,USD,A,5020
009538,20211231,2021,INDL,C,D,STD,SEB,USD,A,3020
009551,20210331,2020,INDL,C,D,STD,APPS,USD,A,4510
009555,20211231,2021,INDL,C,D,STD,SEE,USD,A,1510
009599,20210131,2020,INDL,C,D,STD,SMTC,USD,A,4530
009611,20211231,2021,INDL,C,D,STD,SCI,USD,A,2530
009664,20211231,2021,INDL,C,D,STD,SHEN,USD,A,5010
009667,20211231,2021,INDL,C,D,STD,SHW,USD,A,1510
009771,20211231,2021,INDL,C,D,STD,AOS,USD,A,2010
009778,20211231,2021,INDL,C,D,STD,SNA,USD,A,2010
009783,20211231,2021,INDL,C,D,STD,KEY,USD,A,4010
009815,20211231,2021,INDL,C,D,STD,SON,USD,A,1510
009831,20211231,2021,INDL,C,D,STD,SJI,USD,A,5510
009846,20211231,2021,INDL,C,D,STD,EIX,USD,A,5510
009849,20211231,2021,INDL,C,D,STD,AWR,USD,A,5510
009850,20211231,2021,INDL,C,D,STD,SO,USD,A,5510
009882,20211231,2021,INDL,C,D,STD,LUV,USD,A,2030
009890,20211231,2021,INDL,C,D,STD,SWX,USD,A,5510
009904,20211231,2021,INDL,C,D,STD,SWN,USD,A,1010
009969,20211231,2021,INDL,C,D,STD,STAA,USD,A,3510
010000,20211231,2021,INDL,C,D,STD,SMP,USD,A,2510
010008,20210630,2021,INDL,C,D,STD,SXI,USD,A,2010
010016,20211231,2021,INDL,C,D,STD,SWK,USD,A,2010
010035,20211231,2021,INDL,C,D,STD,STT,USD,A,4020
010056,20211231,2021,INDL,C,D,STD,SCL,USD,A,1510
010086,20211231,2021,INDL,C,D,STD,STC,USD,A,4030
010096,20211231,2021,INDL,C,D,STD,PSA,USD,A,6010
010115,20211231,2021,INDL,C,D,STD,SYK,USD,A,3510
010121,20211231,2021,INDL,C,D,STD,NAVI,USD,A,4020
010124,20211231,2021,INDL,C,D,STD,RGR,USD,A,2520
010247,20210630,2021,INDL,C,D,STD,SYY,USD,A,3010
010390,20211231,2021,INDL,C,D,STD,TRC,USD,A,6010
010405,20211231,2021,INDL,C,D,STD,ATI,USD,A,1510
010407,20211231,2021,INDL,C,D,STD,TFX,USD,A,3510
010411,20211231,2021,INDL,C,D,STD,TDS,USD,A,5010
010441,20211231,2021,INDL,C,D,STD,TNC,USD,A,2010
010443,20211231,2021,INDL,C,D,STD,TEN,USD,A,2510
010453,20211231,2021,INDL,C,D,STD,TER,USD,A,4530
010499,20211231,2021,INDL,C,D,STD,TXN,USD,A,4530
010519,20211231,2021,INDL,C,D,STD,TXT,USD,A,2010
010530,20211231,2021,INDL,C,D,STD,TMO,USD,A,3520
010549,20210731,2021,INDL,C,D,STD,THO,USD,A,2510
010565,20211231,2021,INDL,C,D,STD,TDW,USD,A,1010
010567,20211231,2021,INDL,C,D,STD,SIX,USD,A,2530
010581,20211231,2021,INDL,C,D,STD,TKR,USD,A,2010
010609,20211231,2021,INDL,C,D,STD,TR,USD,A,3020
010618,20211031,2021,INDL,C,D,STD,TTC,USD,A,2010
010685,20210331,2020,INDL,C,D,STD,TRNS,USD,A,2010
010735,20211231,2021,INDL,C,D,STD,TRN,USD,A,2010
010789,20211231,2021,INDL,C,D,STD,TYL,USD,A,4510
010793,20210930,2021,INDL,C,D,STD,TSN,USD,A,3020
010795,20211231,2021,INDL,C,D,STD,UAL,USD,A,2030
010801,20210930,2021,INDL,C,D,STD,UGI,USD,A,5510
010840,20210831,2021,INDL,C,D,STD,UNF,USD,A,2020
010860,20211231,2021,INDL,C,D,STD,AEE,USD,A,5510
010867,20211231,2021,INDL,C,D,STD,UNP,USD,A,2030
010894,20211231,2021,INDL,C,D,STD,UDR,USD,A,6010
010903,20211231,2021,INDL,C,D,STD,UNH,USD,A,3510
010916,20211231,2021,INDL,C,D,STD,UMBF,USD,A,4010
010917,20211231,2021,INDL,C,D,STD,UMH,USD,A,6010
010920,20211231,2021,INDL,C,D,STD,UPS,USD,A,2030
010991,20211231,2021,INDL,C,D,STD,SGMS,USD,A,2530
010999,20211231,2021,INDL,C,D,STD,UTL,USD,A,5510
011012,20211231,2021,INDL,C,D,STD,SXT,USD,A,1510
011017,20210331,2020,INDL,C,D,STD,UVV,USD,A,3020
011032,20211231,2021,INDL,C,D,STD,UHS,USD,A,3510
011051,20211231,2021,INDL,C,D,STD,UTMD,USD,A,3510
011060,20210331,2020,INDL,C,D,STD,VFC,USD,A,2520
011065,20211231,2021,INDL,C,D,STD,VSEC,USD,A,2020
011094,20211231,2021,INDL,C,D,STD,VMI,USD,A,2010
011124,20211231,2021,INDL,C,D,STD,VECO,USD,A,4530
011191,20211231,2021,INDL,C,D,STD,VSH,USD,A,4520
011220,20211231,2021,INDL,C,D,STD,VNO,USD,A,6010
011228,20211231,2021,INDL,C,D,STD,VMC,USD,A,1510
011234,20210831,2021,INDL,C,D,STD,WDFC,USD,A,3030
011259,20210131,2020,INDL,C,D,STD,WMT,USD,A,3010
011264,20210831,2021,INDL,C,D,STD,WBA,USD,A,3010
011300,20211231,2021,INDL,C,D,STD,GHC,USD,A,2530
011301,20211231,2021,INDL,C,D,STD,WRE,USD,A,6010
011304,20211231,2021,INDL,C,D,STD,AVA,USD,A,5510
011343,20211231,2021,INDL,C,D,STD,WMK,USD,A,3010
011376,20211231,2021,INDL,C,D,STD,WST,USD,A,3520
011399,20210630,2021,INDL,C,D,STD,WDC,USD,A,4520
011456,20211231,2021,INDL,C,D,STD,WY,USD,A,6010
011465,20211231,2021,INDL,C,D,STD,WHR,USD,A,2520
011506,20211231,2021,INDL,C,D,STD,WMB,USD,A,1010
011511,20210131,2020,INDL,C,D,STD,WSM,USD,A,2550
011537,20210831,2021,INDL,C,D,STD,WGO,USD,A,2510
011550,20211231,2021,INDL,C,D,STD,WEC,USD,A,5510
011554,20211231,2021,INDL,C,D,STD,LNT,USD,A,5510
011566,20211231,2021,INDL,C,D,STD,WWW,USD,A,2520
011580,20210930,2021,INDL,C,D,STD,WWD,USD,A,2010
011584,20210131,2020,INDL,C,D,STD,FL,USD,A,2550
011600,20210531,2020,INDL,C,D,STD,WOR,USD,A,1510
011636,20211231,2021,INDL,C,D,STD,XRX,USD,A,4520
011657,20211231,2021,INDL,C,D,STD,YORW,USD,A,5510
011672,20210131,2020,INDL,C,D,STD,TJX,USD,A,2550
011687,20211231,2021,INDL,C,D,STD,ZION,USD,A,4010
011721,20210930,2021,INDL,C,D,STD,OSK,USD,A,2010
011729,20211231,2021,INDL,C,D,STD,WTM,USD,A,4030
011745,20211231,2021,INDL,C,D,STD,QLYS,USD,A,4510
011756,20211231,2021,INDL,C,D,STD,ALEX,USD,A,6010
011770,20211231,2021,INDL,C,D,STD,SF,USD,A,4020
011796,20211231,2021,INDL,C,D,STD,LCII,USD,A,2510
011811,20210630,2021,INDL,C,D,STD,JKHY,USD,A,4510
011842,20211231,2021,INDL,C,D,STD,ASB,USD,A,4010
011854,20211231,2021,INDL,C,D,STD,NMIH,USD,A,4010
011861,20211231,2021,INDL,C,D,STD,VLY,USD,A,4010
012081,20211231,2021,INDL,C,D,STD,LAND,USD,A,6010
012123,20210131,2020,INDL,C,D,STD,BIG,USD,A,2550
012124,20211231,2021,INDL,C,D,STD,MS,USD,A,4020
012138,20211231,2021,INDL,C,D,STD,TROW,USD,A,4020
012140,20211231,2021,INDL,C,D,STD,NNN,USD,A,6010
012141,20210630,2021,INDL,C,D,STD,MSFT,USD,A,4510
012142,20210531,2020,INDL,C,D,STD,ORCL,USD,A,4510
012151,20210630,2021,INDL,C,D,STD,COTY,USD,A,3030
012181,20211231,2021,INDL,C,D,STD,RGEN,USD,A,3520
012262,20211231,2021,INDL,C,D,STD,ASTE,USD,A,2010
012266,20211231,2021,INDL,C,D,STD,WERN,USD,A,2030
012379,20210430,2020,INDL,C,D,STD,AMWD,USD,A,2010
012389,20211231,2021,INDL,C,D,STD,HOG,USD,A,2510
012392,20211231,2021,INDL,C,D,STD,SKYW,USD,A,2030
012395,20211031,2021,INDL,C,D,STD,TOL,USD,A,2520
012428,20211231,2021,INDL,C,D,STD,POR,USD,A,5510
012441,20211231,2021,INDL,C,D,STD,IT,USD,A,4510
012445,20211231,2021,INDL,C,D,STD,WTS,USD,A,2010
012459,20211231,2021,INDL,C,D,STD,NVR,USD,A,2520
012471,20211231,2021,INDL,C,D,STD,INT,USD,A,1010
012482,20210930,2021,INDL,C,D,STD,CLFD,USD,A,4520
012540,20211130,2021,INDL,C,D,STD,ADBE,USD,A,4510
012544,20211231,2021,INDL,C,D,STD,JOE,USD,A,6010
012568,20210930,2021,INDL,C,D,STD,DJCO,USD,A,5020
012598,20211231,2021,INDL,C,D,STD,PTSI,USD,A,2030
012603,20211231,2021,INDL,C,D,STD,CNO,USD,A,4030
012615,20211231,2021,INDL,C,D,STD,MHO,USD,A,2520
012625,20211231,2021,INDL,C,D,STD,MRTN,USD,A,2030
012635,20211231,2021,INDL,C,D,STD,FISV,USD,A,4510
012689,20211130,2021,INDL,C,D,STD,KBH,USD,A,2520
012711,20210930,2021,INDL,C,D,STD,CVM,USD,A,3520
012726,20211231,2021,INDL,C,D,STD,UNM,USD,A,4030
012785,20211231,2021,INDL,C,D,STD,PPC,USD,A,3020
012825,20210930,2021,INDL,C,D,STD,JJSF,USD,A,3020
012840,20211231,2021,INDL,C,D,STD,HTLD,USD,A,2030
012850,20211231,2021,INDL,C,D,STD,CERN,USD,A,3510
012874,20211231,2021,INDL,C,D,STD,ICAD,USD,A,3510
012909,20211231,2021,INDL,C,D,STD,MKL,USD,A,4030
012915,20211231,2021,INDL,C,D,STD,OSUR,USD,A,3510
012945,20210930,2021,INDL,C,D,STD,PLXS,USD,A,4520
012972,20210930,2021,INDL,C,D,STD,IMKTA,USD,A,3010
013041,20211231,2021,INDL,C,D,STD,SNV,USD,A,4010
013071,20211231,2021,INDL,C,D,STD,RDNT,USD,A,3510
013092,20210930,2021,INDL,C,D,STD,JACK,USD,A,2530
013200,20211031,2021,INDL,C,D,STD,PLAB,USD,A,4530
013323,20211031,2021,INDL,C,D,STD,SAFM,USD,A,3020
013341,20211231,2021,INDL,C,D,STD,PGR,USD,A,4030
013342,20211231,2021,INDL,C,D,STD,RLI,USD,A,4030
013421,20211231,2021,INDL,C,D,STD,CDNS,USD,A,4510
013453,20211231,2021,INDL,C,D,STD,OPY,USD,A,4020
013480,20211231,2021,INDL,C,D,STD,EBIX,USD,A,4510
013498,20211130,2021,INDL,C,D,STD,CCL,USD,A,2530
013510,20211231,2021,INDL,C,D,STD,DRE,USD,A,6010
013561,20211231,2021,INDL,C,D,STD,MBI,USD,A,4030
013562,20211231,2021,INDL,C,D,STD,BDN,USD,A,6010
013570,20211231,2021,INDL,C,D,STD,MIDD,USD,A,2010
013579,20211231,2021,INDL,C,D,STD,EQC,USD,A,6010
013580,20211231,2021,INDL,C,D,STD,UHT,USD,A,6010
013602,20210430,2020,INDL,C,D,STD,CRMT,USD,A,2550
013619,20210331,2020,INDL,C,D,STD,ABMD,USD,A,3510
013623,20211231,2021,INDL,C,D,STD,CNMD,USD,A,3510
013721,20211231,2021,INDL,C,D,STD,ZTS,USD,A,3520
013786,20211231,2021,INDL,C,D,STD,HRTX,USD,A,3520
013824,20210930,2021,INDL,C,D,STD,FICO,USD,A,4510
013906,20210930,2021,INDL,C,D,STD,JOUT,USD,A,2520
013963,20211231,2021,INDL,C,D,STD,VGR,USD,A,3020
013988,20211231,2021,INDL,C,D,STD,SCHW,USD,A,4020
014027,20211231,2021,INDL,C,D,STD,CLH,USD,A,2020
014084,20211231,2021,INDL,C,D,STD,AIN,USD,A,2010
014113,20210930,2021,INDL,C,D,STD,MITK,USD,A,4510
014172,20211231,2021,INDL,C,D,STD,FULT,USD,A,4010
014225,20211231,2021,INDL,C,D,STD,FAST,USD,A,2010
014253,20211231,2021,INDL,C,D,STD,WABC,USD,A,4010
014269,20211231,2021,INDL,C,D,STD,HLF,USD,A,3030
014275,20211231,2021,INDL,C,D,STD,FRC,USD,A,4010
014282,20211231,2021,INDL,C,D,STD,APH,USD,A,4520
014309,20211231,2021,INDL,C,D,STD,IPAR,USD,A,3030
014311,20211231,2021,INDL,C,D,STD,PII,USD,A,2520
014320,20211231,2021,INDL,C,D,STD,ICPT,USD,A,3520
014359,20211231,2021,INDL,C,D,STD,PXD,USD,A,1010
014369,20211231,2021,INDL,C,D,STD,USM,USD,A,5010
014370,20211231,2021,INDL,C,D,STD,MAN,USD,A,2020
014403,20211231,2021,INDL,C,D,STD,DX,USD,A,4020
014418,20211231,2021,INDL,C,D,STD,MGM,USD,A,2530
014477,20211231,2021,INDL,C,D,STD,WM,USD,A,2020
014561,20210630,2021,INDL,C,D,STD,IIVI,USD,A,4520
014590,20211231,2021,INDL,C,D,STD,FCX,USD,A,1510
014624,20211231,2021,INDL,C,D,STD,ODP,USD,A,2550
014790,20211231,2021,INDL,C,D,STD,MTH,USD,A,2520
014793,20211231,2021,INDL,C,D,STD,ARCH,USD,A,1010
014822,20211231,2021,INDL,C,D,STD,WRB,USD,A,4030
014824,20211231,2021,INDL,C,D,STD,CINF,USD,A,4030
014828,20211231,2021,INDL,C,D,STD,ORI,USD,A,4030
014891,20211231,2021,INDL,C,D,STD,MGPI,USD,A,3020
014898,20211231,2021,INDL,C,D,STD,DDD,USD,A,4520
014934,20211231,2021,INDL,C,D,STD,DVN,USD,A,1010
014954,20210831,2021,INDL,C,D,STD,LNN,USD,A,2010
014960,20211231,2021,INDL,C,D,STD,LH,USD,A,3510
015044,20210131,2020,INDL,C,D,STD,WDAY,USD,A,4510
015060,20211231,2021,INDL,C,D,STD,CPE,USD,A,1010
015101,20211231,2021,INDL,C,D,STD,MFA,USD,A,4020
015247,20211231,2021,INDL,C,D,STD,VLO,USD,A,1010
015252,20211231,2021,INDL,C,D,STD,TRS,USD,A,1510
015267,20211231,2021,INDL,C,D,STD,IEX,USD,A,2010
015343,20211231,2021,INDL,C,D,STD,MLI,USD,A,2010
015417,20211231,2021,INDL,C,D,STD,BRO,USD,A,4030
015420,20210131,2020,INDL,C,D,STD,AMBA,USD,A,4530
015459,20211231,2021,INDL,C,D,STD,TG,USD,A,1510
015520,20210131,2020,INDL,C,D,STD,SIG,USD,A,2550
016009,20210131,2020,INDL,C,D,STD,SPWH,USD,A,2550
016101,20211231,2021,INDL,C,D,STD,ABBV,USD,A,3520
016113,20211231,2021,INDL,C,D,STD,APAM,USD,A,4020
016125,20211231,2021,INDL,C,D,STD,GMRE,USD,A,6010
016188,20211231,2021,INDL,C,D,STD,CGNX,USD,A,4520
016269,20210930,2021,INDL,C,D,STD,ENTA,USD,A,3520
016384,20211231,2021,INDL,C,D,STD,VOYA,USD,A,4020
016401,20210331,2020,INDL,C,D,STD,CRUS,USD,A,4530
016453,20210531,2020,INDL,C,D,STD,NEOG,USD,A,3510
016477,20211231,2021,INDL,C,D,STD,LEA,USD,A,2510
016478,20211231,2021,INDL,C,D,STD,EOG,USD,A,1010
016486,20211231,2021,INDL,C,D,STD,BCC,USD,A,2010
016549,20211231,2021,INDL,C,D,STD,SFBS,USD,A,4010
016597,20211231,2021,INDL,C,D,STD,LSCC,USD,A,4530
016653,20211231,2021,INDL,C,D,STD,TMHC,USD,A,2520
016668,20211231,2021,INDL,C,D,STD,AROW,USD,A,4010
016705,20211231,2021,INDL,C,D,STD,CPF,USD,A,4010
016710,20210930,2021,INDL,C,D,STD,DGII,USD,A,4520
016721,20210331,2020,INDL,C,D,STD,EA,USD,A,5020
016745,20211231,2021,INDL,C,D,STD,PRTA,USD,A,3520
016777,20211231,2021,INDL,C,D,STD,FBNC,USD,A,4010
016781,20211231,2021,INDL,C,D,STD,CHCO,USD,A,4010
016790,20211231,2021,INDL,C,D,STD,CBU,USD,A,4010
016821,20211231,2021,INDL,C,D,STD,FBP,USD,A,4010
016832,20211231,2021,INDL,C,D,STD,GBCI,USD,A,4010
016845,20211231,2021,INDL,C,D,STD,FRME,USD,A,4010
016889,20211231,2021,INDL,C,D,STD,INDB,USD,A,4010
016890,20211231,2021,INDL,C,D,STD,IBCP,USD,A,4010
016967,20211231,2021,INDL,C,D,STD,HIFS,USD,A,4010
016981,20211231,2021,INDL,C,D,STD,OFG,USD,A,4010
017010,20211231,2021,INDL,C,D,STD,LSXMK,USD,A,5020
017035,20211231,2021,INDL,C,D,STD,MCY,USD,A,4030
017073,20211231,2021,INDL,C,D,STD,NWLI,USD,A,4030
017095,20211231,2021,INDL,C,D,STD,ONB,USD,A,4010
017101,20211231,2021,INDL,C,D,STD,IMGN,USD,A,3520
017106,20211231,2021,INDL,C,D,STD,PEBO,USD,A,4010
017115,20211231,2021,INDL,C,D,STD,SIGI,USD,A,4030
017120,20211231,2021,INDL,C,D,STD,SIVB,USD,A,4010
017132,20211231,2021,INDL,C,D,STD,WSFS,USD,A,4010
017145,20210930,2021,INDL,C,D,STD,WAFD,USD,A,4010
017150,20211231,2021,INDL,C,D,STD,WBS,USD,A,4010
017151,20211231,2021,INDL,C,D,STD,WSBC,USD,A,4010
017184,20211231,2021,INDL,C,D,STD,SBCF,USD,A,4010
017195,20211231,2021,INDL,C,D,STD,FFBC,USD,A,4010
017199,20211231,2021,INDL,C,D,STD,BLFS,USD,A,3510
017240,20211231,2021,INDL,C,D,STD,TMP,USD,A,4010
017245,20211231,2021,INDL,C,D,STD,TRST,USD,A,4010
017248,20211231,2021,INDL,C,D,STD,UBSI,USD,A,4010
017252,20211231,2021,INDL,C,D,STD,UFCS,USD,A,4030
017277,20211231,2021,INDL,C,D,STD,NVEE,USD,A,2010
017306,20211231,2021,INDL,C,D,STD,PFSI,USD,A,4010
017341,20211231,2021,INDL,C,D,STD,ARTNA,USD,A,5510
017367,20211231,2021,INDL,C,D,STD,AMNB,USD,A,4010
017451,20211231,2021,INDL,C,D,STD,IBTX,USD,A,4010
017498,20211231,2021,INDL,C,D,STD,CMRX,USD,A,3520
017534,20211231,2021,INDL,C,D,STD,CCNE,USD,A,4010
017553,20210930,2021,INDL,C,D,STD,MODN,USD,A,4510
017626,20211231,2021,INDL,C,D,STD,AHH,USD,A,6010
017639,20211231,2021,INDL,C,D,STD,AMH,USD,A,6010
017696,20211231,2021,INDL,C,D,STD,TSC,USD,A,4010
017724,20211231,2021,INDL,C,D,STD,CNOB,USD,A,4010
017769,20211231,2021,INDL,C,D,STD,HASI,USD,A,4020
017808,20211231,2021,INDL,C,D,STD,EPZM,USD,A,3520
017811,20211231,2021,INDL,C,D,STD,ECOM,USD,A,4510
017874,20211231,2021,INDL,C,D,STD,TMUS,USD,A,5010
017875,20211231,2021,INDL,C,D,STD,NCBS,USD,A,4010
017878,20211231,2021,INDL,C,D,STD,NRZ,USD,A,4020
017934,20211231,2021,INDL,C,D,STD,SFM,USD,A,3010
017997,20211231,2021,INDL,C,D,STD,CSTM,USD,A,1510
017998,20211231,2021,INDL,C,D,STD,BLUE,USD,A,3520
018004,20211231,2021,INDL,C,D,STD,CCS,USD,A,2520
018009,20211231,2021,INDL,C,D,STD,NSTG,USD,A,3520
018036,20211231,2021,INDL,C,D,STD,COMM,USD,A,4520
018037,20211231,2021,INDL,C,D,STD,CZNC,USD,A,4010
018043,20210630,2021,INDL,C,D,STD,NWSA,USD,A,5020
018047,20211231,2021,INDL,C,D,STD,NDLS,USD,A,2530
018049,20211231,2021,INDL,C,D,STD,FNB,USD,A,4010
018071,20211231,2021,INDL,C,D,STD,REXR,USD,A,6010
018145,20211231,2021,INDL,C,D,STD,DOC,USD,A,6010
018159,20211231,2021,INDL,C,D,STD,AGIO,USD,A,3520
018162,20211231,2021,INDL,C,D,STD,ESPR,USD,A,3520
018204,20211231,2021,INDL,C,D,STD,ANIP,USD,A,3520
018241,20211231,2021,INDL,C,D,STD,FCF,USD,A,4010
018307,20211231,2021,INDL,C,D,STD,FLIC,USD,A,4010
018312,20211231,2021,INDL,C,D,STD,USFD,USD,A,3010
018320,20211231,2021,INDL,C,D,STD,FOXF,USD,A,2510
018329,20211231,2021,INDL,C,D,STD,BUSE,USD,A,4010
018383,20211231,2021,INDL,C,D,STD,BRX,USD,A,6010
018465,20211231,2021,INDL,C,D,STD,AR,USD,A,1010
018494,20211231,2021,INDL,C,D,STD,IRT,USD,A,6010
018498,20211231,2021,INDL,C,D,STD,MUSA,USD,A,2550
018533,20211231,2021,INDL,C,D,STD,HBNC,USD,A,4010
018556,20211231,2021,INDL,C,D,STD,CHGG,USD,A,2530
018561,20211231,2021,INDL,C,D,STD,BNFT,USD,A,4510
018562,20211231,2021,INDL,C,D,STD,FATE,USD,A,3520
018578,20211231,2021,INDL,C,D,STD,RMAX,USD,A,6010
018624,20210630,2021,INDL,C,D,STD,PINC,USD,A,3510
018626,20211231,2021,INDL,C,D,STD,GLOB,USD,A,4510
018629,20211231,2021,INDL,C,D,STD,LGIH,USD,A,2520
018630,20211231,2021,INDL,C,D,STD,RNG,USD,A,4510
018658,20211231,2021,INDL,C,D,STD,MGNX,USD,A,3520
018675,20210131,2020,INDL,C,D,STD,BURL,USD,A,2550
018683,20210131,2020,INDL,C,D,STD,SAIC,USD,A,2020
018689,20210131,2020,INDL,C,D,STD,VEEV,USD,A,3510
018699,20210930,2021,INDL,C,D,STD,PTC,USD,A,4510
018732,20211231,2021,INDL,C,D,STD,LKFN,USD,A,4010
018745,20211231,2021,INDL,C,D,STD,ESNT,USD,A,4010
018749,20211231,2021,INDL,C,D,STD,AERI,USD,A,3520
018792,20211231,2021,INDL,C,D,STD,GLPI,USD,A,6010
018842,20210331,2020,INDL,C,D,STD,TCS,USD,A,2550
018869,20211231,2021,INDL,C,D,STD,WIX,USD,A,4510
018872,20211231,2021,INDL,C,D,STD,TWTR,USD,A,5020
018899,20211231,2021,INDL,C,D,STD,TNDM,USD,A,3510
018930,20211231,2021,INDL,C,D,STD,KPTI,USD,A,3520
018938,20211231,2021,INDL,C,D,STD,XNCR,USD,A,3520
018947,20211231,2021,INDL,C,D,STD,VCYT,USD,A,3520
019000,20211231,2021,INDL,C,D,STD,MMI,USD,A,6010
019044,20211231,2021,INDL,C,D,STD,VRNS,USD,A,4510
019071,20211231,2021,INDL,C,D,STD,CWH,USD,A,2550
019094,20211231,2021,INDL,C,D,STD,NBTB,USD,A,4010
019149,20211231,2021,INDL,C,D,STD,RARE,USD,A,3520
019150,20211231,2021,INDL,C,D,STD,OSBC,USD,A,4010
019154,20211231,2021,INDL,C,D,STD,CARA,USD,A,3520
019172,20210630,2021,INDL,C,D,STD,AMRK,USD,A,4020
019262,20211231,2021,INDL,C,D,STD,CTBI,USD,A,4010
019274,20211231,2021,INDL,C,D,STD,INGN,USD,A,3510
019318,20211231,2021,INDL,C,D,STD,PRK,USD,A,4010
019355,20211231,2021,INDL,C,D,STD,SFNC,USD,A,4010
019391,20210630,2021,INDL,C,D,STD,MBUU,USD,A,2520
019398,20211231,2021,INDL,C,D,STD,DENN,USD,A,2530
019402,20210131,2020,INDL,C,D,STD,GIII,USD,A,2520
019412,20211231,2021,INDL,C,D,STD,ITCI,USD,A,3520
019428,20211231,2021,INDL,C,D,STD,GSBC,USD,A,4010
019440,20211231,2021,INDL,C,D,STD,LADR,USD,A,4020
019471,20211231,2021,INDL,C,D,STD,RVNC,USD,A,3520
019507,20211231,2021,INDL,C,D,STD,OUT,USD,A,6010
019516,20211231,2021,INDL,C,D,STD,IBP,USD,A,2520
019517,20211231,2021,INDL,C,D,STD,OGS,USD,A,5510
019518,20211231,2021,INDL,C,D,STD,KN,USD,A,4520
019526,20211231,2021,INDL,C,D,STD,FPI,USD,A,6010
019570,20211231,2021,INDL,C,D,STD,STBA,USD,A,4010
019581,20210131,2020,INDL,C,D,STD,LE,USD,A,2550
019582,20211231,2021,INDL,C,D,STD,CTRE,USD,A,6010
019600,20211231,2021,INDL,C,D,STD,CBAY,USD,A,3520
019602,20211231,2021,INDL,C,D,STD,HEAR,USD,A,4520
019647,20211231,2021,INDL,C,D,STD,LC,USD,A,4020
019649,20211231,2021,INDL,C,D,STD,SABR,USD,A,4510
019730,20210630,2021,INDL,C,D,STD,PCTY,USD,A,4510
019747,20211231,2021,INDL,C,D,STD,QUOT,USD,A,2550
019784,20211231,2021,INDL,C,D,STD,EGRX,USD,A,3520
019817,20211231,2021,INDL,C,D,STD,UVSP,USD,A,4010
019849,20211231,2021,INDL,C,D,STD,ATEN,USD,A,4510
019851,20211231,2021,INDL,C,D,STD,CIO,USD,A,6010
019858,20211231,2021,INDL,C,D,STD,VRTV,USD,A,2010
019859,20211231,2021,INDL,C,D,STD,AKBA,USD,A,3520
019873,20211231,2021,INDL,C,D,STD,WASH,USD,A,4010
019877,20211231,2021,INDL,C,D,STD,QTWO,USD,A,4510
019908,20211231,2021,INDL,C,D,STD,FIVN,USD,A,4510
019927,20211231,2021,INDL,C,D,STD,MC,USD,A,4020
019998,20211231,2021,INDL,C,D,STD,MEDP,USD,A,3520
020011,20211231,2021,INDL,C,D,STD,TMST,USD,A,1510
020018,20211231,2021,INDL,C,D,STD,ALDX,USD,A,3520
020019,20211231,2021,INDL,C,D,STD,CVBF,USD,A,4010
020088,20210131,2020,INDL,C,D,STD,BOX,USD,A,4510
020109,20211231,2021,INDL,C,D,STD,CCBG,USD,A,4010
020115,20210630,2021,INDL,C,D,STD,PAHC,USD,A,3520
020116,20211231,2021,INDL,C,D,STD,PAYC,USD,A,4510
020185,20210930,2021,INDL,C,D,STD,SMG,USD,A,1510
020228,20210630,2021,INDL,C,D,STD,CTLT,USD,A,3520
020229,20211231,2021,INDL,C,D,STD,ZEN,USD,A,4510
020232,20211031,2021,INDL,C,D,STD,KEYS,USD,A,4520
020233,20211231,2021,INDL,C,D,STD,TBPH,USD,A,3520
020235,20211231,2021,INDL,C,D,STD,DNOW,USD,A,2010
020299,20211231,2021,INDL,C,D,STD,LOB,USD,A,4010
020412,20211231,2021,INDL,C,D,STD,ARES,USD,A,4020
020420,20211231,2021,INDL,C,D,STD,OEC,USD,A,1510
020430,20211231,2021,INDL,C,D,STD,SLM,USD,A,4020
020567,20211231,2021,INDL,C,D,STD,MRNS,USD,A,3520
020600,20211130,2021,INDL,C,D,STD,NG,USD,A,1510
020644,20211231,2021,INDL,C,D,STD,GPRO,USD,A,2520
020645,20211231,2021,INDL,C,D,STD,ARDX,USD,A,3520
020649,20211231,2021,INDL,C,D,STD,SNDX,USD,A,3520
020659,20211231,2021,INDL,C,D,STD,AMPH,USD,A,3520
020661,20211231,2021,INDL,C,D,STD,VEC,USD,A,2010
020677,20211231,2021,INDL,C,D,STD,FFWM,USD,A,4010
020686,20211231,2021,INDL,C,D,STD,SYF,USD,A,4020
020692,20210630,2021,INDL,C,D,STD,KE,USD,A,4520
020696,20211231,2021,INDL,C,D,STD,DOOR,USD,A,2010
020748,20211231,2021,INDL,C,D,STD,ANET,USD,A,4520
020779,20210731,2021,INDL,C,D,STD,CSCO,USD,A,4520
020791,20211231,2021,INDL,C,D,STD,BXMT,USD,A,4020
020823,20210131,2020,INDL,C,D,STD,HQY,USD,A,3510
020904,20210930,2021,INDL,C,D,STD,HOLX,USD,A,3510
020935,20211231,2021,INDL,C,D,STD,TRUP,USD,A,4030
020943,20211231,2021,INDL,C,D,STD,SAGE,USD,A,3520
020945,20211231,2021,INDL,C,D,STD,IRMD,USD,A,3510
021004,20211231,2021,INDL,C,D,STD,LNTH,USD,A,3510
021012,20211231,2021,INDL,C,D,STD,ATRA,USD,A,3520
021015,20211231,2021,INDL,C,D,STD,OCUL,USD,A,3520
021032,20211231,2021,INDL,C,D,STD,VKTX,USD,A,3520
021124,20211231,2021,INDL,C,D,STD,LOCO,USD,A,2530
021227,20211231,2021,INDL,C,D,STD,LBRDK,USD,A,5020
021237,20211231,2021,INDL,C,D,STD,TTI,USD,A,1010
021238,20211231,2021,INDL,C,D,STD,VICR,USD,A,2010
021429,20211231,2021,INDL,C,D,STD,GVA,USD,A,2010
021440,20211231,2021,INDL,C,D,STD,LSTR,USD,A,2030
021503,20211231,2021,INDL,C,D,STD,KMPR,USD,A,4030
021515,20211231,2021,INDL,C,D,STD,UNVR,USD,A,2010
021540,20211231,2021,INDL,C,D,STD,W,USD,A,2550
021542,20211231,2021,INDL,C,D,STD,AAON,USD,A,2010
021593,20211231,2021,INDL,C,D,STD,CIVB,USD,A,4010
021604,20211231,2021,INDL,C,D,STD,PGRE,USD,A,6010
021630,20211231,2021,INDL,C,D,STD,STOR,USD,A,6010
021633,20211231,2021,INDL,C,D,STD,VBTX,USD,A,4010
021743,20210331,2020,INDL,C,D,STD,NVEC,USD,A,4530
021761,20210630,2021,INDL,C,D,STD,CDK,USD,A,4510
021777,20211231,2021,INDL,C,D,STD,MMSI,USD,A,3510
021798,20211231,2021,INDL,C,D,STD,FRPT,USD,A,3020
021815,20211231,2021,INDL,C,D,STD,TBK,USD,A,4010
021825,20211231,2021,INDL,C,D,STD,CFG,USD,A,4010
021841,20211231,2021,INDL,C,D,STD,CHRS,USD,A,3520
021847,20211231,2021,INDL,C,D,STD,HUBS,USD,A,4510
021898,20210331,2020,INDL,C,D,STD,BOOT,USD,A,2550
021901,20211231,2021,INDL,C,D,STD,FGEN,USD,A,3520
021916,20211231,2021,INDL,C,D,STD,NVRO,USD,A,3510
022000,20211231,2021,INDL,C,D,STD,WK,USD,A,4510
022037,20211231,2021,INDL,C,D,STD,SIEN,USD,A,3510
022040,20211231,2021,INDL,C,D,STD,UPLD,USD,A,4510
022047,20211231,2021,INDL,C,D,STD,GRBK,USD,A,2520
022082,20211231,2021,INDL,C,D,STD,JYNT,USD,A,3510
022086,20211231,2021,INDL,C,D,STD,IBOC,USD,A,4010
022134,20211231,2021,INDL,C,D,STD,AXTA,USD,A,1510
022182,20210331,2020,INDL,C,D,STD,NEWR,USD,A,4510
022207,20211231,2021,INDL,C,D,STD,TBI,USD,A,2020
022260,20211231,2021,INDL,C,D,STD,HCA,USD,A,3510
022447,20211231,2021,INDL,C,D,STD,PARR,USD,A,1010
022459,20211231,2021,INDL,C,D,STD,UE,USD,A,6010
022583,20210430,2020,INDL,C,D,STD,GMS,USD,A,2010
022603,20211231,2021,INDL,C,D,STD,SUM,USD,A,1510
022653,20210331,2020,INDL,C,D,STD,VSTO,USD,A,2520
022671,20211231,2021,INDL,C,D,STD,ESTE,USD,A,1010
022672,20211231,2021,INDL,C,D,STD,SHAK,USD,A,2530
022674,20211231,2021,INDL,C,D,STD,DEA,USD,A,6010
022717,20211231,2021,INDL,C,D,STD,SYBT,USD,A,4010
022741,20211231,2021,INDL,C,D,STD,CC,USD,A,1510
022815,20211231,2021,INDL,C,D,STD,TRMB,USD,A,4520
022867,20211231,2021,INDL,C,D,STD,NVTA,USD,A,3510
022983,20211231,2021,INDL,C,D,STD,XHR,USD,A,6010
023027,20211231,2021,INDL,C,D,STD,EXPO,USD,A,2020
023071,20211231,2021,INDL,C,D,STD,GDDY,USD,A,4510
023083,20210930,2021,INDL,C,D,STD,ENR,USD,A,3030
023084,20211231,2021,INDL,C,D,STD,BHE,USD,A,4520
023086,20211231,2021,INDL,C,D,STD,NXRT,USD,A,6010
023106,20211231,2021,INDL,C,D,STD,VRAY,USD,A,3510
023147,20211231,2021,INDL,C,D,STD,NSA,USD,A,6010
023167,20210930,2021,INDL,C,D,STD,BLBD,USD,A,2010
023208,20210430,2020,INDL,C,D,STD,BNED,USD,A,2550
023224,20210930,2021,INDL,C,D,STD,ESE,USD,A,2010
023225,20211231,2021,INDL,C,D,STD,CABO,USD,A,5020
023238,20211231,2021,INDL,C,D,STD,ETSY,USD,A,2550
023245,20211231,2021,INDL,C,D,STD,BLD,USD,A,2520
023247,20211231,2021,INDL,C,D,STD,PJT,USD,A,4020
023249,20210630,2021,INDL,C,D,STD,LITE,USD,A,4520
023407,20211231,2021,INDL,C,D,STD,BPMC,USD,A,3520
023432,20211231,2021,INDL,C,D,STD,VIRT,USD,A,4020
023500,20211231,2021,INDL,C,D,STD,CATY,USD,A,4010
023555,20211231,2021,INDL,C,D,STD,COLL,USD,A,3520
023556,20211231,2021,INDL,C,D,STD,CHCT,USD,A,6010
023587,20210930,2021,INDL,C,D,STD,HAYN,USD,A,1510
023714,20211231,2021,INDL,C,D,STD,CYH,USD,A,3510
023753,20211231,2021,INDL,C,D,STD,DORM,USD,A,2510
023793,20211231,2021,INDL,C,D,STD,PSB,USD,A,6010
023809,20210831,2021,INDL,C,D,STD,AZO,USD,A,2550
023812,20211231,2021,INDL,C,D,STD,REGN,USD,A,3520
023818,20211231,2021,INDL,C,D,STD,EVH,USD,A,3510
023843,20211231,2021,INDL,C,D,STD,WING,USD,A,2530
023865,20211231,2021,INDL,C,D,STD,BW,USD,A,2010
023977,20211231,2021,INDL,C,D,STD,APLE,USD,A,6010
023978,20211231,2021,INDL,C,D,STD,X,USD,A,1510
023990,20211231,2021,INDL,C,D,STD,GKOS,USD,A,3510
023996,20211231,2021,INDL,C,D,STD,GNL,USD,A,6010
024021,20210331,2020,INDL,C,D,STD,HAE,USD,A,3510
024040,20211231,2021,INDL,C,D,STD,IONS,USD,A,3520
024071,20211231,2021,INDL,C,D,STD,APPF,USD,A,4510
024076,20210131,2020,INDL,C,D,STD,OLLI,USD,A,2550
024135,20211231,2021,INDL,C,D,STD,ALRM,USD,A,4510
024157,20211231,2021,INDL,C,D,STD,FCFS,USD,A,4020
024176,20211231,2021,INDL,C,D,STD,NTRA,USD,A,3520
024177,20211231,2021,INDL,C,D,STD,MCRB,USD,A,3520
024197,20211231,2021,INDL,C,D,STD,IDXX,USD,A,3510
024216,20211231,2021,INDL,C,D,STD,AES,USD,A,5510
024225,20210331,2020,INDL,C,D,STD,CRVL,USD,A,3510
024249,20211231,2021,INDL,C,D,STD,TDOC,USD,A,3510
024287,20211231,2021,INDL,C,D,STD,AMBC,USD,A,4030
024291,20211231,2021,INDL,C,D,STD,DIN,USD,A,2530
024293,20211231,2021,INDL,C,D,STD,KALU,USD,A,1510
024302,20211231,2021,INDL,C,D,STD,ALKS,USD,A,3520
024316,20211231,2021,INDL,C,D,STD,MNST,USD,A,3020
024330,20211231,2021,INDL,C,D,STD,SRG,USD,A,6010
024344,20211231,2021,INDL,C,D,STD,VRTX,USD,A,3520
024350,20210331,2020,INDL,C,D,STD,MNRO,USD,A,2550
024351,20211231,2021,INDL,C,D,STD,LIND,USD,A,2530
024352,20211130,2021,INDL,C,D,STD,PRGS,USD,A,4510
024379,20211231,2021,INDL,C,D,STD,MTG,USD,A,4010
024396,20211231,2021,INDL,C,D,STD,TVTY,USD,A,3510
024405,20211231,2021,INDL,C,D,STD,ZBRA,USD,A,4520
024430,20210930,2021,INDL,C,D,STD,EZPW,USD,A,4020
024440,20211231,2021,INDL,C,D,STD,PRA,USD,A,4030
024447,20211231,2021,INDL,C,D,STD,BOKF,USD,A,4010
024458,20211231,2021,INDL,C,D,STD,SPNE,USD,A,3510
024463,20210430,2020,INDL,C,D,STD,FIZZ,USD,A,3020
024468,20211231,2021,INDL,C,D,STD,BIIB,USD,A,3520
024508,20210131,2020,INDL,C,D,STD,OOMA,USD,A,5010
024533,20211231,2021,INDL,C,D,STD,NHI,USD,A,6010
024599,20211231,2021,INDL,C,D,STD,AGLE,USD,A,3520
024601,20210331,2020,INDL,C,D,STD,CSWI,USD,A,2010
024616,20211231,2021,INDL,C,D,STD,PYPL,USD,A,4510
024617,20211231,2021,INDL,C,D,STD,ODFL,USD,A,2030
024620,20211231,2021,INDL,C,D,STD,RHP,USD,A,6010
024638,20211231,2021,INDL,C,D,STD,TRU,USD,A,2020
024678,20211231,2021,INDL,C,D,STD,HMN,USD,A,4030
024708,20211231,2021,INDL,C,D,STD,ATNI,USD,A,5010
024720,20211231,2021,INDL,C,D,STD,WNC,USD,A,2010
024725,20210331,2020,INDL,C,D,STD,WRLD,USD,A,4020
024731,20211231,2021,INDL,C,D,STD,KIM,USD,A,6010
024750,20211231,2021,INDL,C,D,STD,WETF,USD,A,4020
024755,20210630,2021,INDL,C,D,STD,JBSS,USD,A,3020
024782,20211231,2021,INDL,C,D,STD,PRGO,USD,A,3520
024783,20210930,2021,INDL,C,D,STD,TTEK,USD,A,2020
024795,20210331,2020,INDL,C,D,STD,AMSC,USD,A,2010
024800,20210930,2021,INDL,C,D,STD,QCOM,USD,A,4530
024825,20211231,2021,INDL,C,D,STD,OFC,USD,A,6010
024856,20211231,2021,INDL,C,D,STD,GILD,USD,A,3520
024861,20211231,2021,INDL,C,D,STD,PLNT,USD,A,2530
024905,20211231,2021,INDL,C,D,STD,RUN,USD,A,2010
024911,20210630,2021,INDL,C,D,STD,MCFT,USD,A,2520
024925,20211231,2021,INDL,C,D,STD,ROP,USD,A,2010
024975,20211031,2021,INDL,C,D,STD,SNPS,USD,A,4510
024978,20211231,2021,INDL,C,D,STD,ELY,USD,A,2520
025030,20211231,2021,INDL,C,D,STD,VRTS,USD,A,4020
025110,20211231,2021,INDL,C,D,STD,ICUI,USD,A,3510
025119,20211231,2021,INDL,C,D,STD,MHK,USD,A,2520
025166,20211231,2021,INDL,C,D,STD,KOPN,USD,A,4530
025180,20211231,2021,INDL,C,D,STD,AGCO,USD,A,2010
025201,20211231,2021,INDL,C,D,STD,CASS,USD,A,4510
025219,20210331,2020,INDL,C,D,STD,HLI,USD,A,4020
025234,20210131,2020,INDL,C,D,STD,BKE,USD,A,2550
025274,20211231,2021,INDL,C,D,STD,OLED,USD,A,4530
025279,20211231,2021,INDL,C,D,STD,BSX,USD,A,3510
025283,20210131,2020,INDL,C,D,STD,KSS,USD,A,2550
025289,20211231,2021,INDL,C,D,STD,VBIV,USD,A,3520
025313,20210331,2020,INDL,C,D,STD,STE,USD,A,3510
025318,20211231,2021,INDL,C,D,STD,USPH,USD,A,3510
025331,20210831,2021,INDL,C,D,STD,FC,USD,A,2020
025338,20210228,2020,INDL,C,D,STD,BBBY,USD,A,2550
025339,20211231,2021,INDL,C,D,STD,CACC,USD,A,4020
025340,20210930,2021,INDL,C,D,STD,DHI,USD,A,2520
025349,20211231,2021,INDL,C,D,STD,GBT,USD,A,3520
025376,20211231,2021,INDL,C,D,STD,COLB,USD,A,4010
025389,20211231,2021,INDL,C,D,STD,GPK,USD,A,1510
025430,20211031,2021,INDL,C,D,STD,FCEL,USD,A,2010
025434,20210930,2021,INDL,C,D,STD,SBUX,USD,A,2530
025536,20210930,2021,INDL,C,D,STD,CENTA,USD,A,3030
025632,20211231,2021,INDL,C,D,STD,KW,USD,A,6010
025633,20211231,2021,INDL,C,D,STD,OHI,USD,A,6010
025665,20211231,2021,INDL,C,D,STD,LTC,USD,A,6010
025737,20211231,2021,INDL,C,D,STD,CAKE,USD,A,2530
025747,20211231,2021,INDL,C,D,STD,LFUS,USD,A,4520
025749,20211231,2021,INDL,C,D,STD,ASGN,USD,A,2020
025751,20211231,2021,INDL,C,D,STD,BLX,USD,A,4020
025756,20210131,2020,INDL,C,D,STD,PSTG,USD,A,4520
025870,20211231,2021,INDL,C,D,STD,MTX,USD,A,1510
025880,20210430,2020,INDL,C,D,STD,PDCO,USD,A,3510
025893,20211231,2021,INDL,C,D,STD,SITE,USD,A,2010
025895,20211231,2021,INDL,C,D,STD,RDN,USD,A,4010
025898,20211231,2021,INDL,C,D,STD,SGRY,USD,A,3510
025904,20211231,2021,INDL,C,D,STD,ACRS,USD,A,3520
025922,20211231,2021,INDL,C,D,STD,KAI,USD,A,2010
025937,20211231,2021,INDL,C,D,STD,LGND,USD,A,3520
025964,20211231,2021,INDL,C,D,STD,GTLS,USD,A,2010
026013,20211231,2021,INDL,C,D,STD,SM,USD,A,1010
026016,20211231,2021,INDL,C,D,STD,UVE,USD,A,4030
026061,20211231,2021,INDL,C,D,STD,MTCH,USD,A,5020
026071,20211231,2021,INDL,C,D,STD,FCBC,USD,A,4010
026081,20211231,2021,INDL,C,D,STD,KURA,USD,A,3520
026112,20211231,2021,INDL,C,D,STD,CTMX,USD,A,3520
026123,20211231,2021,INDL,C,D,STD,NVCR,USD,A,3510
026146,20211231,2021,INDL,C,D,STD,RGNX,USD,A,3520
026147,20211231,2021,INDL,C,D,STD,PEN,USD,A,3510
026156,20211031,2021,INDL,C,D,STD,HPE,USD,A,4520
026162,20211231,2021,INDL,C,D,STD,ANAB,USD,A,3520
026179,20211231,2021,INDL,C,D,STD,SMBK,USD,A,4010
026270,20211231,2021,INDL,C,D,STD,ABTX,USD,A,4010
026347,20211231,2021,INDL,C,D,STD,EQBK,USD,A,4010
026349,20211231,2021,INDL,C,D,STD,AXSM,USD,A,3520
026368,20210331,2020,INDL,C,D,STD,MIME,USD,A,4510
026410,20211231,2021,INDL,C,D,STD,FCPT,USD,A,6010
026545,20210930,2021,INDL,C,D,STD,RMR,USD,A,6010
026590,20211231,2021,INDL,C,D,STD,FTV,USD,A,2010
026636,20211231,2021,INDL,C,D,STD,SENS,USD,A,3510
026658,20211231,2021,INDL,C,D,STD,AGR,USD,A,5510
026669,20211231,2021,INDL,C,D,STD,OCX,USD,A,3520
026746,20210731,2021,INDL,C,D,STD,NTNX,USD,A,4510
026749,20211231,2021,INDL,C,D,STD,HRI,USD,A,2010
026788,20211231,2021,INDL,C,D,STD,TRHC,USD,A,3510
026812,20211231,2021,INDL,C,D,STD,GCP,USD,A,1510
026847,20211231,2021,INDL,C,D,STD,TCMD,USD,A,3510
026864,20211231,2021,INDL,C,D,STD,CDEV,USD,A,1010
026874,20211231,2021,INDL,C,D,STD,EDIT,USD,A,3520
026892,20211231,2021,INDL,C,D,STD,RETA,USD,A,3520
027014,20210930,2021,INDL,C,D,STD,ATKR,USD,A,2010
027119,20211231,2021,INDL,C,D,STD,NGVT,USD,A,1510
027155,20211231,2021,INDL,C,D,STD,NTLA,USD,A,3520
027187,20211231,2021,INDL,C,D,STD,FWONK,USD,A,5020
027333,20210930,2021,INDL,C,D,STD,ADNT,USD,A,2510
027354,20211231,2021,INDL,C,D,STD,SELB,USD,A,3520
027364,20211231,2021,INDL,C,D,STD,TWLO,USD,A,4510
027373,20210930,2021,INDL,C,D,STD,VVV,USD,A,1510
027386,20211231,2021,INDL,C,D,STD,JELD,USD,A,2010
027387,20211231,2021,INDL,C,D,STD,PI,USD,A,4530
027392,20211231,2021,INDL,C,D,STD,SYRS,USD,A,3520
027393,20211231,2021,INDL,C,D,STD,HGV,USD,A,2530
027394,20211231,2021,INDL,C,D,STD,PK,USD,A,6010
027574,20211231,2021,INDL,C,D,STD,TPIC,USD,A,2010
027575,20211231,2021,INDL,C,D,STD,GOLF,USD,A,2520
027604,20211231,2021,INDL,C,D,STD,HONE,USD,A,4010
027638,20211231,2021,INDL,C,D,STD,AA,USD,A,1510
027652,20211231,2021,INDL,C,D,STD,KNSL,USD,A,4030
027665,20211231,2021,INDL,C,D,STD,FHB,USD,A,4010
027670,20211231,2021,INDL,C,D,STD,PTGX,USD,A,3520
027706,20211231,2021,INDL,C,D,STD,INSW,USD,A,1010
027716,20211231,2021,INDL,C,D,STD,MDGL,USD,A,3520
027737,20211231,2021,INDL,C,D,STD,ATOM,USD,A,4530
027776,20211231,2021,INDL,C,D,STD,RCKY,USD,A,2520
027803,20211231,2021,INDL,C,D,STD,DFIN,USD,A,4020
027810,20211231,2021,INDL,C,D,STD,LIVN,USD,A,3510
027828,20211231,2021,INDL,C,D,STD,UEIC,USD,A,2520
027871,20211231,2021,INDL,C,D,STD,FBK,USD,A,4010
027874,20211231,2021,INDL,C,D,STD,EVBG,USD,A,4510
027875,20211231,2021,INDL,C,D,STD,ELS,USD,A,6010
027885,20211231,2021,INDL,C,D,STD,TTD,USD,A,4510
027907,20210331,2020,INDL,C,D,STD,ELF,USD,A,3030
027914,20211231,2021,INDL,C,D,STD,HUM,USD,A,3510
027925,20211231,2021,INDL,C,D,STD,AVID,USD,A,4520
027928,20210731,2021,INDL,C,D,STD,INTU,USD,A,4510
027938,20210131,2020,INDL,C,D,STD,SCVL,USD,A,2550
027945,20211231,2021,INDL,C,D,STD,CSTR,USD,A,4010
027960,20211231,2021,INDL,C,D,STD,ALG,USD,A,2010
027965,20210331,2020,INDL,C,D,STD,MCHP,USD,A,4530
027981,20210131,2020,INDL,C,D,STD,CHS,USD,A,2550
028012,20211231,2021,INDL,C,D,STD,FLGT,USD,A,3510
028022,20211231,2021,INDL,C,D,STD,BANF,USD,A,4010
028034,20211231,2021,INDL,C,D,STD,CB,USD,A,4030
028070,20211231,2021,INDL,C,D,STD,ASIX,USD,A,1510
028071,20211231,2021,INDL,C,D,STD,DZSI,USD,A,4520
028084,20210131,2020,INDL,C,D,STD,COUP,USD,A,4510
028118,20211231,2021,INDL,C,D,STD,FOSL,USD,A,2520
028139,20210930,2021,INDL,C,D,STD,SANM,USD,A,4520
028155,20211231,2021,INDL,C,D,STD,TCBK,USD,A,4010
028176,20211231,2021,INDL,C,D,STD,ATR,USD,A,1510
028180,20211231,2021,INDL,C,D,STD,ORLY,USD,A,2550
028191,20211231,2021,INDL,C,D,STD,RCL,USD,A,2530
028195,20210831,2021,INDL,C,D,STD,JBL,USD,A,4520
028209,20211231,2021,INDL,C,D,STD,ANIK,USD,A,3520
028216,20211231,2021,INDL,C,D,STD,RGA,USD,A,4030
028278,20211231,2021,INDL,C,D,STD,GABC,USD,A,4010
028295,20211231,2021,INDL,C,D,STD,TWI,USD,A,2010
028320,20211231,2021,INDL,C,D,STD,CDW,USD,A,4520
028322,20211231,2021,INDL,C,D,STD,HR,USD,A,6010
028323,20211231,2021,INDL,C,D,STD,AKR,USD,A,6010
028340,20211231,2021,INDL,C,D,STD,SKT,USD,A,6010
028349,20211231,2021,INDL,C,D,STD,ALL,USD,A,4030
028367,20211231,2021,INDL,C,D,STD,IRTC,USD,A,3510
028380,20211231,2021,INDL,C,D,STD,OFIX,USD,A,3510
028384,20211231,2021,INDL,C,D,STD,SPNS,USD,A,4510
028397,20211231,2021,INDL,C,D,STD,PZZA,USD,A,2530
028410,20211231,2021,INDL,C,D,STD,BBSI,USD,A,2020
028420,20211231,2021,INDL,C,D,STD,BL,USD,A,4510
028499,20211231,2021,INDL,C,D,STD,YUMC,USD,A,2530
028590,20211231,2021,INDL,C,D,STD,BCO,USD,A,2020
028629,20211231,2021,INDL,C,D,STD,CPT,USD,A,6010
028670,20211231,2021,INDL,C,D,STD,IIPR,USD,A,6010
028704,20211231,2021,INDL,C,D,STD,MCRI,USD,A,2530
028719,20211231,2021,INDL,C,D,STD,CNDT,USD,A,4510
028733,20211231,2021,INDL,C,D,STD,EQR,USD,A,6010
028742,20211231,2021,INDL,C,D,STD,BWA,USD,A,2510
028749,20211231,2021,INDL,C,D,STD,FLL,USD,A,2530
028762,20211231,2021,INDL,C,D,STD,SPTN,USD,A,3010
028769,20211231,2021,INDL,C,D,STD,BFS,USD,A,6010
028785,20211231,2021,INDL,C,D,STD,WINA,USD,A,2550
028787,20210630,2021,INDL,C,D,STD,PFGC,USD,A,3010
028790,20210531,2020,INDL,C,D,STD,LW,USD,A,3020
028806,20210930,2021,INDL,C,D,STD,ARWR,USD,A,3520
028866,20210930,2021,INDL,C,D,STD,CASH,USD,A,4010
028930,20211231,2021,INDL,C,D,STD,MAR,USD,A,2530
028940,20211231,2021,INDL,C,D,STD,BDC,USD,A,4520
028967,20211231,2021,INDL,C,D,STD,QCRH,USD,A,4010
029004,20210930,2021,INDL,C,D,STD,VREX,USD,A,3510
029011,20211231,2021,INDL,C,D,STD,BYD,USD,A,2530
029015,20210331,2020,INDL,C,D,STD,DECK,USD,A,2520
029018,20211231,2021,INDL,C,D,STD,ALBO,USD,A,3520
029028,20210831,2021,INDL,C,D,STD,COST,USD,A,3010
029052,20211231,2021,INDL,C,D,STD,LXP,USD,A,6010
029099,20211231,2021,INDL,C,D,STD,REG,USD,A,6010
029101,20211231,2021,INDL,C,D,STD,FFIN,USD,A,4010
029108,20211231,2021,INDL,C,D,STD,PTEN,USD,A,1010
029127,20211231,2021,INDL,C,D,STD,INCY,USD,A,3520
029133,20211231,2021,INDL,C,D,STD,ITRI,USD,A,4520
029150,20210131,2020,INDL,C,D,STD,URBN,USD,A,2550
029151,20211231,2021,INDL,C,D,STD,CNTY,USD,A,2530
029156,20211231,2021,INDL,C,D,STD,UFPI,USD,A,2010
029191,20211231,2021,INDL,C,D,STD,ICHR,USD,A,4530
029206,20211231,2021,INDL,C,D,STD,FWRD,USD,A,2030
029217,20210831,2021,INDL,C,D,STD,SCHN,USD,A,1510
029241,20210630,2021,INDL,C,D,STD,VIAV,USD,A,4520
029251,20210430,2020,INDL,C,D,STD,KALV,USD,A,3520
029282,20211231,2021,INDL,C,D,STD,NYCB,USD,A,4010
029359,20211231,2021,INDL,C,D,STD,SUI,USD,A,6010
029382,20211231,2021,INDL,C,D,STD,SHOO,USD,A,2520
029389,20211231,2021,INDL,C,D,STD,SPG,USD,A,6010
029392,20211231,2021,INDL,C,D,STD,EMN,USD,A,1510
029449,20211231,2021,INDL,C,D,STD,UFPT,USD,A,3510
029453,20211231,2021,INDL,C,D,STD,LNG,USD,A,1010
029517,20211231,2021,INDL,C,D,STD,MED,USD,A,3030
029609,20210630,2021,INDL,C,D,STD,HAIN,USD,A,3020
029649,20211231,2021,INDL,C,D,STD,MAA,USD,A,6010
029684,20211231,2021,INDL,C,D,STD,JNCE,USD,A,3520
029733,20211231,2021,INDL,C,D,STD,MLM,USD,A,1510
029736,20211231,2021,INDL,C,D,STD,TSCO,USD,A,2550
029751,20211231,2021,INDL,C,D,STD,ALB,USD,A,1510
029755,20210930,2021,INDL,C,D,STD,BZH,USD,A,2520
029804,20211231,2021,INDL,C,D,STD,IVZ,USD,A,4020
029830,20210930,2021,INDL,C,D,STD,WRK,USD,A,1510
029837,20211231,2021,INDL,C,D,STD,BCRX,USD,A,3520
029855,20211231,2021,INDL,C,D,STD,FMNB,USD,A,4010
029868,20211231,2021,INDL,C,D,STD,MAC,USD,A,6010
029875,20211231,2021,INDL,C,D,STD,AVB,USD,A,6010
029901,20210731,2021,INDL,C,D,STD,CPRT,USD,A,2020
029910,20210630,2021,INDL,C,D,STD,SCSC,USD,A,4520
029930,20210331,2020,INDL,C,D,STD,MPAA,USD,A,2510
029962,20211031,2021,INDL,C,D,STD,LMNR,USD,A,3020
029984,20211231,2021,INDL,C,D,STD,PLD,USD,A,6010
029994,20211231,2021,INDL,C,D,STD,FMBH,USD,A,4010
030032,20210331,2020,INDL,C,D,STD,EXP,USD,A,1510
030055,20210630,2021,INDL,C,D,STD,SMBC,USD,A,4010
030059,20210131,2020,INDL,C,D,STD,AEO,USD,A,2550
030067,20211231,2021,INDL,C,D,STD,ADC,USD,A,6010
030098,20211231,2021,INDL,C,D,STD,IR,USD,A,2010
030137,20211231,2021,INDL,C,D,STD,NKTR,USD,A,3520
030222,20211231,2021,INDL,C,D,STD,ABCB,USD,A,4010
030259,20211231,2021,INDL,C,D,STD,PENN,USD,A,2530
030260,20211231,2021,INDL,C,D,STD,SSD,USD,A,2010
030293,20211231,2021,INDL,C,D,STD,ESS,USD,A,6010
030298,20211231,2021,INDL,C,D,STD,HIW,USD,A,6010
030312,20211231,2021,INDL,C,D,STD,IMAX,USD,A,5020
030384,20211231,2021,INDL,C,D,STD,FR,USD,A,6010
030443,20211231,2021,INDL,C,D,STD,FDP,USD,A,3020
030463,20210831,2021,INDL,C,D,STD,GBX,USD,A,2010
030477,20210930,2021,INDL,C,D,STD,MATW,USD,A,2020
030490,20211231,2021,INDL,C,D,STD,AIV,USD,A,6010
030536,20211231,2021,INDL,C,D,STD,GEO,USD,A,2020
030558,20211231,2021,INDL,C,D,STD,MLR,USD,A,2010
030576,20211231,2021,INDL,C,D,STD,ADTN,USD,A,4520
030612,20211231,2021,INDL,C,D,STD,AMED,USD,A,3510
030651,20211231,2021,INDL,C,D,STD,DAR,USD,A,3020
030662,20211231,2021,INDL,C,D,STD,SIRI,USD,A,5020
030822,20211231,2021,INDL,C,D,STD,O,USD,A,6010
030870,20210630,2021,INDL,C,D,STD,AZPN,USD,A,4510
030932,20211231,2021,INDL,C,D,STD,NWBI,USD,A,4010
030990,20211231,2021,INDL,C,D,STD,COF,USD,A,4020
031368,20211231,2021,INDL,C,D,STD,HAFC,USD,A,4010
031453,20211231,2021,INDL,C,D,STD,NSIT,USD,A,4520
031460,20211231,2021,INDL,C,D,STD,RCII,USD,A,2550
031564,20211231,2021,INDL,C,D,STD,ACIW,USD,A,4510
031587,20210131,2020,INDL,C,D,STD,DLTR,USD,A,2550
031607,20211231,2021,INDL,C,D,STD,NATI,USD,A,4520
031673,20210930,2021,INDL,C,D,STD,ABC,USD,A,3510
031752,20211231,2021,INDL,C,D,STD,CBZ,USD,A,2020
031764,20211231,2021,INDL,C,D,STD,BMRC,USD,A,4010
031843,20211231,2021,INDL,C,D,STD,HLIT,USD,A,4520
031846,20210531,2020,INDL,C,D,STD,DRI,USD,A,2530
031887,20210630,2021,INDL,C,D,STD,RMD,USD,A,3510
031895,20211231,2021,INDL,C,D,STD,BHB,USD,A,4010
033652,20210331,2020,INDL,C,D,STD,SKY,USD,A,2520
034010,20211231,2021,INDL,C,D,STD,CRK,USD,A,1010
034636,20210630,2021,INDL,C,D,STD,FOXA,USD,A,5020
035978,20211231,2021,INDL,C,D,STD,ARNC,USD,A,1510
036691,20211231,2021,INDL,C,D,STD,IAC,USD,A,5020
037445,20211231,2021,INDL,C,D,STD,AAN,USD,A,2550
060800,20211231,2021,INDL,C,D,STD,SBGI,USD,A,5020
060900,20211231,2021,INDL,C,D,STD,DISH,USD,A,5020
060902,20211231,2021,INDL,C,D,STD,HA,USD,A,2030
060914,20211231,2021,INDL,C,D,STD,LSI,USD,A,6010
060923,20210131,2020,INDL,C,D,STD,PLAY,USD,A,2530
060979,20211231,2021,INDL,C,D,STD,WAB,USD,A,2010
061155,20211231,2021,INDL,C,D,STD,AAWW,USD,A,2030
061163,20211231,2021,INDL,C,D,STD,SHO,USD,A,6010
061179,20211231,2021,INDL,C,D,STD,KFRC,USD,A,2020
061181,20211231,2021,INDL,C,D,STD,IART,USD,A,3510
061302,20211231,2021,INDL,C,D,STD,ACGL,USD,A,4030
061325,20211231,2021,INDL,C,D,STD,MD,USD,A,3510
061356,20211231,2021,INDL,C,D,STD,NOVT,USD,A,4520
061380,20211231,2021,INDL,C,D,STD,ERIE,USD,A,4030
061388,20211231,2021,INDL,C,D,STD,RE,USD,A,4030
061399,20211231,2021,INDL,C,D,STD,MYGN,USD,A,3520
061408,20211231,2021,INDL,C,D,STD,THG,USD,A,4030
061418,20210930,2021,INDL,C,D,STD,RICK,USD,A,2530
061420,20211231,2021,INDL,C,D,STD,POOL,USD,A,2550
061483,20211231,2021,INDL,C,D,STD,DVA,USD,A,3510
061487,20211231,2021,INDL,C,D,STD,BANR,USD,A,4010
061490,20211231,2021,INDL,C,D,STD,OPK,USD,A,3520
061494,20211231,2021,INDL,C,D,STD,HSIC,USD,A,3510
061519,20211231,2021,INDL,C,D,STD,SWM,USD,A,1510
061562,20211231,2021,INDL,C,D,STD,AEIS,USD,A,4520
061567,20210630,2021,INDL,C,D,STD,EL,USD,A,3030
061574,20211231,2021,INDL,C,D,STD,WAT,USD,A,3520
061585,20211231,2021,INDL,C,D,STD,FFIC,USD,A,4010
061591,20210430,2020,INDL,C,D,STD,NTAP,USD,A,4520
061635,20211231,2021,INDL,C,D,STD,NWPX,USD,A,2010
061655,20211231,2021,INDL,C,D,STD,NVAX,USD,A,3520
061676,20211231,2021,INDL,C,D,STD,CTXS,USD,A,4510
061693,20211231,2021,INDL,C,D,STD,HTLF,USD,A,4010
061711,20211231,2021,INDL,C,D,STD,TGTX,USD,A,3520
061732,20210831,2021,INDL,C,D,STD,MSM,USD,A,2010
061739,20211231,2021,INDL,C,D,STD,HIG,USD,A,4030
061811,20211231,2021,INDL,C,D,STD,SCCO,USD,A,1510
062169,20210531,2020,INDL,C,D,STD,LNDC,USD,A,3020
062221,20210331,2020,INDL,C,D,STD,CMCO,USD,A,2010
062266,20211231,2021,INDL,C,D,STD,CSGS,USD,A,4510
062374,20211231,2021,INDL,C,D,STD,IRM,USD,A,6010
062378,20211231,2021,INDL,C,D,STD,HUBG,USD,A,2030
062396,20210731,2021,INDL,C,D,STD,IDT,USD,A,5010
062475,20211231,2021,INDL,C,D,STD,ABUS,USD,A,3520
062516,20211231,2021,INDL,C,D,STD,CENX,USD,A,1510
062654,20211231,2021,INDL,C,D,STD,SASR,USD,A,4010
062689,20211231,2021,INDL,C,D,STD,TRV,USD,A,4030
062723,20211231,2021,INDL,C,D,STD,TCX,USD,A,4510
062823,20211231,2021,INDL,C,D,STD,FCN,USD,A,2020
062897,20211231,2021,INDL,C,D,STD,TUP,USD,A,2520
062921,20211231,2021,INDL,C,D,STD,NBIX,USD,A,3520
062965,20211231,2021,INDL,C,D,STD,SSNC,USD,A,4510
062979,20211231,2021,INDL,C,D,STD,SBSI,USD,A,4010
063000,20211231,2021,INDL,C,D,STD,RUSHA,USD,A,2010
063080,20211231,2021,INDL,C,D,STD,ANSS,USD,A,4510
063172,20210831,2021,INDL,C,D,STD,FDS,USD,A,4020
063186,20211231,2021,INDL,C,D,STD,QGEN,USD,A,3520
063232,20211231,2021,INDL,C,D,STD,OCFC,USD,A,4010
063290,20211231,2021,INDL,C,D,STD,PEGA,USD,A,4510
063338,20211231,2021,INDL,C,D,STD,STRA,USD,A,2530
063405,20211231,2021,INDL,C,D,STD,GERN,USD,A,3520
063417,20211231,2021,INDL,C,D,STD,TTEC,USD,A,4510
063422,20211231,2021,INDL,C,D,STD,LAMR,USD,A,6010
063447,20210131,2020,INDL,C,D,STD,GES,USD,A,2550
063456,20211231,2021,INDL,C,D,STD,CSV,USD,A,2530
063527,20211231,2021,INDL,C,D,STD,SRCL,USD,A,2020
063531,20211231,2021,INDL,C,D,STD,MVIS,USD,A,4520
063643,20210131,2020,INDL,C,D,STD,ANF,USD,A,2550
063645,20211231,2021,INDL,C,D,STD,ENDP,USD,A,3520
063650,20211231,2021,INDL,C,D,STD,SPPI,USD,A,3520
063700,20211231,2021,INDL,C,D,STD,ATRS,USD,A,3520
063725,20211231,2021,INDL,C,D,STD,WTBA,USD,A,4010
063739,20211231,2021,INDL,C,D,STD,BJRI,USD,A,2530
063763,20210131,2020,INDL,C,D,STD,HIBB,USD,A,2550
063781,20211231,2021,INDL,C,D,STD,WTFC,USD,A,4010
063847,20211231,2021,INDL,C,D,STD,PAG,USD,A,2550
063863,20211231,2021,INDL,C,D,STD,USNA,USD,A,3030
063876,20210331,2020,INDL,C,D,STD,TGI,USD,A,2010
063892,20211231,2021,INDL,C,D,STD,NOV,USD,A,1010
063927,20210731,2021,INDL,C,D,STD,UNFI,USD,A,3010
063986,20210331,2020,INDL,C,D,STD,PLUS,USD,A,4520
064028,20211231,2021,INDL,C,D,STD,NUS,USD,A,3030
064030,20211231,2021,INDL,C,D,STD,STLD,USD,A,1510
064061,20211231,2021,INDL,C,D,STD,FORR,USD,A,2020
064088,20210331,2020,INDL,C,D,STD,VSAT,USD,A,4520
064166,20211231,2021,INDL,C,D,STD,DGX,USD,A,3510
064175,20211231,2021,INDL,C,D,STD,LAD,USD,A,2550
064223,20211231,2021,INDL,C,D,STD,DXPE,USD,A,2010
064275,20210531,2020,INDL,C,D,STD,CALM,USD,A,3020
064302,20211231,2021,INDL,C,D,STD,NSP,USD,A,2020
064306,20211231,2021,INDL,C,D,STD,KRC,USD,A,6010
064327,20211231,2021,INDL,C,D,STD,CERS,USD,A,3510
064334,20211231,2021,INDL,C,D,STD,VCEL,USD,A,3520
064344,20210731,2021,INDL,C,D,STD,MTN,USD,A,2530
064356,20211031,2021,INDL,C,D,STD,CIEN,USD,A,4520
064389,20211231,2021,INDL,C,D,STD,SLGN,USD,A,1510
064410,20210228,2020,INDL,C,D,STD,KMX,USD,A,2550
064536,20211231,2021,INDL,C,D,STD,EEFT,USD,A,4510
064547,20211231,2021,INDL,C,D,STD,SSB,USD,A,4010
064630,20210331,2020,INDL,C,D,STD,TTWO,USD,A,5020
064637,20210930,2021,INDL,C,D,STD,EMKR,USD,A,4520
064699,20211231,2021,INDL,C,D,STD,FBC,USD,A,4010
064766,20211231,2021,INDL,C,D,STD,RMBS,USD,A,4530
064768,20211231,2021,INDL,C,D,STD,AMZN,USD,A,2550
064794,20211231,2021,INDL,C,D,STD,UCBI,USD,A,4010
064821,20211231,2021,INDL,C,D,STD,ARE,USD,A,6010
064853,20210331,2020,INDL,C,D,STD,QRVO,USD,A,4530
064857,20211231,2021,INDL,C,D,STD,SRPT,USD,A,3520
064891,20210331,2020,INDL,C,D,STD,RL,USD,A,2520
064901,20210930,2021,INDL,C,D,STD,MMS,USD,A,4510
064925,20211231,2021,INDL,C,D,STD,BXP,USD,A,6010
064929,20210831,2021,INDL,C,D,STD,SLP,USD,A,3510
064979,20211231,2021,INDL,C,D,STD,PPBI,USD,A,4010
064997,20211231,2021,INDL,C,D,STD,FIX,USD,A,2010
065006,20211231,2021,INDL,C,D,STD,HLX,USD,A,1010
065009,20211231,2021,INDL,C,D,STD,AROC,USD,A,1010
065011,20211231,2021,INDL,C,D,STD,HSKA,USD,A,3510
065021,20210331,2020,INDL,C,D,STD,EGHT,USD,A,4510
065084,20211231,2021,INDL,C,D,STD,CXW,USD,A,2020
065108,20211231,2021,INDL,C,D,STD,JLL,USD,A,6010
065228,20211231,2021,INDL,C,D,STD,UMPQ,USD,A,4010
065235,20211231,2021,INDL,C,D,STD,DHIL,USD,A,4020
065275,20211231,2021,INDL,C,D,STD,BFAM,USD,A,2530
065290,20211231,2021,INDL,C,D,STD,SLG,USD,A,6010
065343,20210831,2021,INDL,C,D,STD,PSMT,USD,A,3010
065399,20210930,2021,INDL,C,D,STD,MTOR,USD,A,2010
065406,20210331,2020,INDL,C,D,STD,PETS,USD,A,2550
065417,20211231,2021,INDL,C,D,STD,YUM,USD,A,2530
065421,20211231,2021,INDL,C,D,STD,FARO,USD,A,4520
065430,20210131,2020,INDL,C,D,STD,PLCE,USD,A,2550
065500,20211231,2021,INDL,C,D,STD,NAT,USD,A,1010
065548,20211231,2021,INDL,C,D,STD,CAC,USD,A,4010
065552,20211231,2021,INDL,C,D,STD,INVE,USD,A,4520
065556,20211231,2021,INDL,C,D,STD,NLY,USD,A,4020
065590,20211231,2021,INDL,C,D,STD,SRI,USD,A,2510
065607,20210630,2021,INDL,C,D,STD,OSIS,USD,A,4520
065609,20211231,2021,INDL,C,D,STD,CHRW,USD,A,2030
065615,20211231,2021,INDL,C,D,STD,CHH,USD,A,2530
065671,20211231,2021,INDL,C,D,STD,DRQ,USD,A,1010
065689,20211231,2021,INDL,C,D,STD,MBWM,USD,A,4010
065702,20211231,2021,INDL,C,D,STD,CWST,USD,A,2020
065710,20211231,2021,INDL,C,D,STD,EPR,USD,A,6010
065718,20211231,2021,INDL,C,D,STD,GPI,USD,A,2550
065772,20211231,2021,INDL,C,D,STD,MTD,USD,A,3520
065796,20211231,2021,INDL,C,D,STD,MOFG,USD,A,4010
065831,20211231,2021,INDL,C,D,STD,SAH,USD,A,2550
065886,20211231,2021,INDL,C,D,STD,AMG,USD,A,4020
066016,20211231,2021,INDL,C,D,STD,INGR,USD,A,3020
066032,20211231,2021,INDL,C,D,STD,POWI,USD,A,4530
066065,20211231,2021,INDL,C,D,STD,URI,USD,A,2010
066235,20211231,2021,INDL,C,D,STD,HOPE,USD,A,4010
066285,20211231,2021,INDL,C,D,STD,HFWA,USD,A,4010
066288,20211231,2021,INDL,C,D,STD,MPB,USD,A,4010
066290,20210228,2020,INDL,C,D,STD,SCS,USD,A,2020
066354,20211231,2021,INDL,C,D,STD,WPC,USD,A,6010
066368,20211231,2021,INDL,C,D,STD,VRSN,USD,A,4510
066371,20210930,2021,INDL,C,D,STD,IESC,USD,A,2010
066393,20210630,2021,INDL,C,D,STD,MRCY,USD,A,2010
066394,20211231,2021,INDL,C,D,STD,PFIS,USD,A,4010
066446,20211231,2021,INDL,C,D,STD,PWR,USD,A,2010
066586,20211231,2021,INDL,C,D,STD,CNXN,USD,A,4520
066588,20210930,2021,INDL,C,D,STD,SRDX,USD,A,3510
066697,20211231,2021,INDL,C,D,STD,INO,USD,A,3520
066929,20211231,2021,INDL,C,D,STD,TPB,USD,A,3020
100873,20211231,2021,INDL,C,D,STD,NLSN,USD,A,2020
104432,20211231,2021,INDL,C,D,STD,NCLH,USD,A,2530
105365,20211231,2021,INDL,C,D,STD,AMT,USD,A,6010
105538,20211231,2021,INDL,C,D,STD,BSRR,USD,A,4010
105670,20211231,2021,INDL,C,D,STD,BRKL,USD,A,4010
105936,20211231,2021,INDL,C,D,STD,COLM,USD,A,2520
107817,20211231,2021,INDL,C,D,STD,PGC,USD,A,4010
109183,20211231,2021,INDL,C,D,STD,PFBC,USD,A,4010
109599,20211231,2021,INDL,C,D,STD,HTBK,USD,A,4010
109621,20211231,2021,INDL,C,D,STD,LBAI,USD,A,4010
109826,20211231,2021,INDL,C,D,STD,MANH,USD,A,4510
109919,20211231,2021,INDL,C,D,STD,CRAI,USD,A,2020
110039,20211231,2021,INDL,C,D,STD,AMKR,USD,A,4530
110179,20211231,2021,INDL,C,D,STD,VTR,USD,A,6010
110566,20211231,2021,INDL,C,D,STD,IOSP,USD,A,1510
110760,20211231,2021,INDL,C,D,STD,AXTI,USD,A,4530
111000,20211231,2021,INDL,C,D,STD,HCKT,USD,A,4510
111103,20210930,2021,INDL,C,D,STD,HZO,USD,A,2550
111534,20211231,2021,INDL,C,D,STD,MSTR,USD,A,4510
111721,20211231,2021,INDL,C,D,STD,EGBN,USD,A,4010
111864,20211231,2021,INDL,C,D,STD,CTSH,USD,A,4510
111873,20210131,2020,INDL,C,D,STD,RH,USD,A,2550
111880,20210930,2021,INDL,C,D,STD,DOX,USD,A,4510
111940,20211231,2021,INDL,C,D,STD,FNLC,USD,A,4010
112111,20211231,2021,INDL,C,D,STD,CSGP,USD,A,2020
112721,20211231,2021,INDL,C,D,STD,RBCAA,USD,A,4010
112759,20211231,2021,INDL,C,D,STD,LEU,USD,A,1010
113490,20211231,2021,INDL,C,D,STD,CCI,USD,A,6010
114524,20211231,2021,INDL,C,D,STD,EBAY,USD,A,2550
114628,20211231,2021,INDL,C,D,STD,GS,USD,A,4020
115876,20211231,2021,INDL,C,D,STD,PB,USD,A,4010
116772,20211231,2021,INDL,C,D,STD,BCOR,USD,A,4020
117036,20211231,2021,INDL,C,D,STD,GDEN,USD,A,2530
117141,20211231,2021,INDL,C,D,STD,EFSC,USD,A,4010
117260,20211231,2021,INDL,C,D,STD,HT,USD,A,6010
117768,20210131,2020,INDL,C,D,STD,NVDA,USD,A,4530
117861,20211231,2021,INDL,C,D,STD,AXL,USD,A,2510
118042,20211231,2021,INDL,C,D,STD,EWBC,USD,A,4010
118223,20210630,2021,INDL,C,D,STD,EPAY,USD,A,4510
118267,20210430,2020,INDL,C,D,STD,KFY,USD,A,2020
118525,20211231,2021,INDL,C,D,STD,EBTC,USD,A,4010
119275,20211231,2021,INDL,C,D,STD,MKSI,USD,A,4530
119316,20211231,2021,INDL,C,D,STD,TREX,USD,A,2010
119414,20210930,2021,INDL,C,D,STD,CFFN,USD,A,4010
119574,20210630,2021,INDL,C,D,STD,EXTR,USD,A,4520
119714,20211231,2021,INDL,C,D,STD,ATLC,USD,A,4020
120048,20211231,2021,INDL,C,D,STD,HSII,USD,A,2020
120093,20211231,2021,INDL,C,D,STD,CNX,USD,A,1010
120318,20211231,2021,INDL,C,D,STD,TOWN,USD,A,4010
120444,20211231,2021,INDL,C,D,STD,WCC,USD,A,2010
121077,20210930,2021,INDL,C,D,STD,FFIV,USD,A,4520
121142,20211231,2021,INDL,C,D,STD,SKX,USD,A,2520
121382,20211231,2021,INDL,C,D,STD,SBAC,USD,A,6010
121440,20211231,2021,INDL,C,D,STD,UTHR,USD,A,3520
121713,20211231,2021,INDL,C,D,STD,FISI,USD,A,4010
121718,20211231,2021,INDL,C,D,STD,JNPR,USD,A,4520
121815,20211231,2021,INDL,C,D,STD,ECPG,USD,A,4020
122211,20210131,2020,INDL,C,D,STD,HOFT,USD,A,2520
122257,20211231,2021,INDL,C,D,STD,BMRN,USD,A,3520
122380,20211231,2021,INDL,C,D,STD,LII,USD,A,2010
122394,20211231,2021,INDL,C,D,STD,PRFT,USD,A,4510
122519,20210630,2021,INDL,C,D,STD,FLWS,USD,A,2550
122902,20210331,2020,INDL,C,D,STD,NTCT,USD,A,4520
124036,20210630,2021,INDL,C,D,STD,EGAN,USD,A,4510
124434,20211231,2021,INDL,C,D,STD,BLK,USD,A,4020
125240,20211231,2021,INDL,C,D,STD,WWE,USD,A,5020
125580,20211231,2021,INDL,C,D,STD,SFST,USD,A,4010
125595,20211231,2021,INDL,C,D,STD,AKAM,USD,A,4510
125604,20211231,2021,INDL,C,D,STD,PLUG,USD,A,2010
125794,20211231,2021,INDL,C,D,STD,NEO,USD,A,3520
126056,20211231,2021,INDL,C,D,STD,KTOS,USD,A,2010
126136,20211231,2021,INDL,C,D,STD,CHTR,USD,A,5020
126296,20211231,2021,INDL,C,D,STD,EXPE,USD,A,2530
126554,20211031,2021,INDL,C,D,STD,A,USD,A,3520
126721,20211231,2021,INDL,C,D,STD,TDY,USD,A,4520
127377,20211231,2021,INDL,C,D,STD,BGCP,USD,A,4020
128978,20211231,2021,INDL,C,D,STD,PKG,USD,A,1510
129466,20211231,2021,INDL,C,D,STD,AGEN,USD,A,3520
133288,20211231,2021,INDL,C,D,STD,SLAB,USD,A,4530
133366,20211231,2021,INDL,C,D,STD,EW,USD,A,3510
133367,20210930,2021,INDL,C,D,STD,EPC,USD,A,3030
133468,20211231,2021,INDL,C,D,STD,RIGL,USD,A,3520
133726,20210930,2021,INDL,C,D,STD,CCMP,USD,A,4530
133766,20211231,2021,INDL,C,D,STD,HSTM,USD,A,3510
133768,20211231,2021,INDL,C,D,STD,MET,USD,A,4030
133869,20211231,2021,INDL,C,D,STD,LPSN,USD,A,4510
133871,20211231,2021,INDL,C,D,STD,SGMO,USD,A,3520
133885,20211231,2021,INDL,C,D,STD,EXEL,USD,A,3520
134932,20211231,2021,INDL,C,D,STD,ON,USD,A,4530
135788,20211231,2021,INDL,C,D,STD,CEVA,USD,A,4530
135990,20211231,2021,INDL,C,D,STD,NRG,USD,A,5510
136186,20211231,2021,INDL,C,D,STD,INSM,USD,A,3520
136265,20211231,2021,INDL,C,D,STD,PACW,USD,A,4010
136648,20211231,2021,INDL,C,D,STD,VC,USD,A,2510
136725,20211231,2021,INDL,C,D,STD,ISRG,USD,A,3510
137131,20211231,2021,INDL,C,D,STD,CRL,USD,A,3520
137310,20210131,2020,INDL,C,D,STD,MRVL,USD,A,4530
137351,20211231,2021,INDL,C,D,STD,BHLB,USD,A,4010
137573,20211231,2021,INDL,C,D,STD,ENTG,USD,A,4530
137602,20211231,2021,INDL,C,D,STD,ACLS,USD,A,4530
137943,20211231,2021,INDL,C,D,STD,EVC,USD,A,5020
138205,20211231,2021,INDL,C,D,STD,ILMN,USD,A,3520
138341,20211231,2021,INDL,C,D,STD,CRIS,USD,A,3520
138483,20211231,2021,INDL,C,D,STD,BRKR,USD,A,3520
138743,20211231,2021,INDL,C,D,STD,EQIX,USD,A,6010
139025,20211231,2021,INDL,C,D,STD,PNFP,USD,A,4010
139665,20211231,2021,INDL,C,D,STD,MCO,USD,A,4020
139804,20211231,2021,INDL,C,D,STD,TTMI,USD,A,4520
140044,20211231,2021,INDL,C,D,STD,DRRX,USD,A,3520
140073,20211231,2021,INDL,C,D,STD,ITGR,USD,A,3510
140988,20211231,2021,INDL,C,D,STD,TNET,USD,A,2020
141178,20211231,2021,INDL,C,D,STD,INSG,USD,A,4520
141277,20211231,2021,INDL,C,D,STD,EXAS,USD,A,3520
141384,20211231,2021,INDL,C,D,STD,ALGN,USD,A,3510
141459,20211231,2021,INDL,C,D,STD,GRMN,USD,A,2520
141460,20211231,2021,INDL,C,D,STD,SGEN,USD,A,3520
141469,20211231,2021,INDL,C,D,STD,HBIO,USD,A,3520
141496,20211231,2021,INDL,C,D,STD,DVAX,USD,A,3520
141846,20211231,2021,INDL,C,D,STD,ACAD,USD,A,3520
141913,20211231,2021,INDL,C,D,STD,GPN,USD,A,4510
142260,20211231,2021,INDL,C,D,STD,OIS,USD,A,1010
142337,20211231,2021,INDL,C,D,STD,NOG,USD,A,1010
142814,20210630,2021,INDL,C,D,STD,SYNA,USD,A,4530
142953,20211231,2021,INDL,C,D,STD,MDLZ,USD,A,3020
142956,20211231,2021,INDL,C,D,STD,OMCL,USD,A,3510
143356,20211231,2021,INDL,C,D,STD,PRU,USD,A,4030
143357,20210831,2021,INDL,C,D,STD,ACN,USD,A,4510
144396,20211231,2021,INDL,C,D,STD,CCRN,USD,A,3510
144435,20211231,2021,INDL,C,D,STD,BG,USD,A,3020
144437,20211231,2021,INDL,C,D,STD,PDFS,USD,A,4530
144520,20211231,2021,INDL,C,D,STD,AMN,USD,A,3510
144559,20211231,2021,INDL,C,D,STD,ZBH,USD,A,3510
144640,20211231,2021,INDL,C,D,STD,ABG,USD,A,2550
144998,20211231,2021,INDL,C,D,STD,XPO,USD,A,2030
145041,20211231,2021,INDL,C,D,STD,BGFV,USD,A,2550
145046,20211231,2021,INDL,C,D,STD,ANTM,USD,A,3510
145049,20210131,2020,INDL,C,D,STD,GME,USD,A,2550
145552,20211231,2021,INDL,C,D,STD,CNC,USD,A,3510
145701,20211231,2021,INDL,C,D,STD,PFG,USD,A,4030
145977,20211231,2021,INDL,C,D,STD,AAP,USD,A,2550
146017,20210831,2021,INDL,C,D,STD,AYI,USD,A,2010
146140,20211231,2021,INDL,C,D,STD,PDM,USD,A,6010
146171,20211231,2021,INDL,C,D,STD,MANT,USD,A,2020
146616,20211231,2021,INDL,C,D,STD,CORT,USD,A,3520
146648,20211231,2021,INDL,C,D,STD,CUTR,USD,A,3510
147204,20211231,2021,INDL,C,D,STD,CCOI,USD,A,5010
147242,20210131,2020,INDL,C,D,STD,VRNT,USD,A,4510
147305,20211231,2021,INDL,C,D,STD,JBLU,USD,A,2030
147579,20211231,2021,INDL,C,D,STD,NFLX,USD,A,5020
147708,20211031,2021,INDL,C,D,STD,CVGW,USD,A,3020
147849,20211231,2021,INDL,C,D,STD,CPSI,USD,A,3510
147868,20211231,2021,INDL,C,D,STD,OSTK,USD,A,2550
147988,20210930,2021,INDL,C,D,STD,ACM,USD,A,2010
148223,20211231,2021,INDL,C,D,STD,GLDD,USD,A,2010
148349,20210930,2021,INDL,C,D,STD,TDG,USD,A,2010
148350,20211231,2021,INDL,C,D,STD,TA,USD,A,2550
148390,20211231,2021,INDL,C,D,STD,FORM,USD,A,4530
148469,20211231,2021,INDL,C,D,STD,SAFT,USD,A,4030
148950,20211231,2021,INDL,C,D,STD,NPO,USD,A,2010
149070,20211231,2021,INDL,C,D,STD,CME,USD,A,4020
149177,20211231,2021,INDL,C,D,STD,NXST,USD,A,5020
149318,20211231,2021,INDL,C,D,STD,WYNN,USD,A,2530
149337,20211231,2021,INDL,C,D,STD,NDAQ,USD,A,4020
149618,20211231,2021,INDL,C,D,STD,BANC,USD,A,4010
150139,20210131,2020,INDL,C,D,STD,DKS,USD,A,2550
150278,20211231,2021,INDL,C,D,STD,CRI,USD,A,2520
150279,20211231,2021,INDL,C,D,STD,PFS,USD,A,4010
150306,20211231,2021,INDL,C,D,STD,TCBI,USD,A,4010
150477,20211231,2021,INDL,C,D,STD,PRAA,USD,A,4020
150481,20211231,2021,INDL,C,D,STD,SAIA,USD,A,2030
151630,20211231,2021,INDL,C,D,STD,HALO,USD,A,3520
152049,20211231,2021,INDL,C,D,STD,FBMS,USD,A,4010
152149,20211231,2021,INDL,C,D,STD,MOH,USD,A,3510
153130,20211231,2021,INDL,C,D,STD,AXS,USD,A,4030
154039,20211231,2021,INDL,C,D,STD,NTGR,USD,A,4520
154739,20211231,2021,INDL,C,D,STD,GOOD,USD,A,6010
155280,20211231,2021,INDL,C,D,STD,ATSG,USD,A,2030
155393,20211231,2021,INDL,C,D,STD,WLL,USD,A,1010
155394,20211231,2021,INDL,C,D,STD,LKQ,USD,A,2550
155738,20211231,2021,INDL,C,D,STD,NNI,USD,A,4020
155754,20211231,2021,INDL,C,D,STD,AHT,USD,A,6010
156155,20211130,2021,INDL,C,D,STD,SNX,USD,A,4520
156383,20211231,2021,INDL,C,D,STD,AEL,USD,A,4030
156614,20210131,2020,INDL,C,D,STD,CONN,USD,A,2550
156861,20211231,2021,INDL,C,D,STD,TPX,USD,A,2520
156953,20211231,2021,INDL,C,D,STD,HTH,USD,A,4010
157057,20211231,2021,INDL,C,D,STD,AIZ,USD,A,4030
157153,20210930,2021,INDL,C,D,STD,CMP,USD,A,1510
157679,20211231,2021,INDL,C,D,STD,SRC,USD,A,6010
157855,20210131,2020,INDL,C,D,STD,CRM,USD,A,4510
157865,20210630,2021,INDL,C,D,STD,MEIP,USD,A,3520
157955,20211231,2021,INDL,C,D,STD,AGO,USD,A,4030
158053,20211231,2021,INDL,C,D,STD,NYMT,USD,A,4020
158354,20211231,2021,INDL,C,D,STD,GNW,USD,A,4030
158563,20211231,2021,INDL,C,D,STD,CYTK,USD,A,3520
158587,20211231,2021,INDL,C,D,STD,TBBK,USD,A,4010
158737,20211231,2021,INDL,C,D,STD,SP,USD,A,2020
158742,20211231,2021,INDL,C,D,STD,MKTX,USD,A,4020
158743,20211231,2021,INDL,C,D,STD,BGS,USD,A,3020
160173,20211231,2021,INDL,C,D,STD,ABR,USD,A,4020
160211,20211231,2021,INDL,C,D,STD,DPZ,USD,A,2530
160225,20211231,2021,INDL,C,D,STD,MA,USD,A,4510
160329,20211231,2021,INDL,C,D,STD,GOOGL,USD,A,5020
160340,20211231,2021,INDL,C,D,STD,MNKD,USD,A,3520
160341,20211231,2021,INDL,C,D,STD,WTI,USD,A,1010
160373,20211231,2021,INDL,C,D,STD,MORN,USD,A,4020
160376,20211231,2021,INDL,C,D,STD,TXRH,USD,A,2530
160479,20211231,2021,INDL,C,D,STD,EXR,USD,A,6010
160598,20210930,2021,INDL,C,D,STD,BECN,USD,A,2010
160621,20211231,2021,INDL,C,D,STD,SFL,USD,A,1010
160668,20211231,2021,INDL,C,D,STD,INVA,USD,A,3520
160681,20211231,2021,INDL,C,D,STD,HY,USD,A,2010
160684,20211231,2021,INDL,C,D,STD,WLK,USD,A,1510
160706,20211231,2021,INDL,C,D,STD,DRH,USD,A,6010
160770,20211231,2021,INDL,C,D,STD,MRTX,USD,A,3520
160776,20211231,2021,INDL,C,D,STD,SBNY,USD,A,4010
160785,20211231,2021,INDL,C,D,STD,VVI,USD,A,2020
160888,20211231,2021,INDL,C,D,STD,MPWR,USD,A,4530
160893,20210331,2020,INDL,C,D,STD,ENS,USD,A,2010
160913,20211231,2021,INDL,C,D,STD,ORA,USD,A,5510
160990,20211231,2021,INDL,C,D,STD,CUBE,USD,A,6010
160991,20211231,2021,INDL,C,D,STD,DLR,USD,A,6010
161048,20211231,2021,INDL,C,D,STD,ACC,USD,A,6010
161813,20211231,2021,INDL,C,D,STD,BXC,USD,A,2010
161844,20211231,2021,INDL,C,D,STD,LVS,USD,A,2530
161853,20210630,2021,INDL,C,D,STD,KRNY,USD,A,4010
161997,20211231,2021,INDL,C,D,STD,HURN,USD,A,2020
162127,20211231,2021,INDL,C,D,STD,CNSL,USD,A,5010
162129,20211231,2021,INDL,C,D,STD,MOS,USD,A,1510
162146,20211231,2021,INDL,C,D,STD,CYRX,USD,A,3510
162160,20211231,2021,INDL,C,D,STD,MPW,USD,A,6010
162254,20211231,2021,INDL,C,D,STD,CE,USD,A,1510
162264,20211231,2021,INDL,C,D,STD,NP,USD,A,1510
162293,20211231,2021,INDL,C,D,STD,INBK,USD,A,4010
162335,20210331,2020,INDL,C,D,STD,PBH,USD,A,3520
162354,20210930,2021,INDL,C,D,STD,DLB,USD,A,4510
162385,20211231,2021,INDL,C,D,STD,WEX,USD,A,4510
162401,20211231,2021,INDL,C,D,STD,HUN,USD,A,1510
162404,20211231,2021,INDL,C,D,STD,LHCG,USD,A,3510
162449,20211231,2021,INDL,C,D,STD,EXLS,USD,A,4510
162453,20211231,2021,INDL,C,D,STD,AMTX,USD,A,1010
162559,20211231,2021,INDL,C,D,STD,LAZ,USD,A,4020
162887,20211231,2021,INDL,C,D,STD,DXCM,USD,A,3510
162988,20210131,2020,INDL,C,D,STD,ZUMZ,USD,A,2550
163036,20211231,2021,INDL,C,D,STD,BLDR,USD,A,2010
163051,20210131,2020,INDL,C,D,STD,CTRN,USD,A,2550
163113,20211231,2021,INDL,C,D,STD,KOP,USD,A,1510
163610,20211231,2021,INDL,C,D,STD,ICE,USD,A,4020
163678,20211231,2021,INDL,C,D,STD,EVRI,USD,A,2530
163685,20211231,2021,INDL,C,D,STD,EGLE,USD,A,2030
163765,20211231,2021,INDL,C,D,STD,CPS,USD,A,2510
163884,20211231,2021,INDL,C,D,STD,FSP,USD,A,6010
163889,20211231,2021,INDL,C,D,STD,ATRC,USD,A,3510
163891,20211231,2021,INDL,C,D,STD,RUTH,USD,A,2530
163920,20211231,2021,INDL,C,D,STD,WAL,USD,A,4010
163924,20211231,2021,INDL,C,D,STD,JRVR,USD,A,4030
163930,20211231,2021,INDL,C,D,STD,GNK,USD,A,2030
163946,20211231,2021,INDL,C,D,STD,CF,USD,A,1510
163965,20211231,2021,INDL,C,D,STD,CTSO,USD,A,3510
163983,20211231,2021,INDL,C,D,STD,THS,USD,A,3020
164086,20210630,2021,INDL,C,D,STD,CMPR,USD,A,2020
164116,20211231,2021,INDL,C,D,STD,OFLX,USD,A,2010
164363,20211231,2021,INDL,C,D,STD,TROX,USD,A,1510
164365,20211231,2021,INDL,C,D,STD,WSBF,USD,A,4010
164416,20211231,2021,INDL,C,D,STD,IRBT,USD,A,2520
164494,20211231,2021,INDL,C,D,STD,SPR,USD,A,2010
164506,20211231,2021,INDL,C,D,STD,ACCO,USD,A,2020
164572,20211231,2021,INDL,C,D,STD,AMSF,USD,A,4030
164633,20211231,2021,INDL,C,D,STD,HOMB,USD,A,4010
164652,20211231,2021,INDL,C,D,STD,BKD,USD,A,3510
164660,20211231,2021,INDL,C,D,STD,CCO,USD,A,5020
164708,20211231,2021,INDL,C,D,STD,AMP,USD,A,4020
164755,20211231,2021,INDL,C,D,STD,CROX,USD,A,2520
165051,20211231,2021,INDL,C,D,STD,SPWR,USD,A,4530
165052,20211231,2021,INDL,C,D,STD,UAA,USD,A,2520
165123,20211231,2021,INDL,C,D,STD,LDOS,USD,A,2020
165262,20211231,2021,INDL,C,D,STD,DHT,USD,A,1010
165264,20211231,2021,INDL,C,D,STD,FNF,USD,A,4030
165637,20211231,2021,INDL,C,D,STD,URG,USD,A,1010
165678,20211231,2021,INDL,C,D,STD,CPA,USD,A,2030
165746,20211231,2021,INDL,C,D,STD,LYV,USD,A,5020
165798,20210731,2021,INDL,C,D,STD,UEC,USD,A,1010
165856,20211231,2021,INDL,C,D,STD,HEES,USD,A,2010
165914,20211231,2021,INDL,C,D,STD,CMG,USD,A,2530
165993,20211231,2021,INDL,C,D,STD,FIS,USD,A,4510
166213,20210930,2021,INDL,C,D,STD,LQDT,USD,A,2550
166435,20211231,2021,INDL,C,D,STD,VNDA,USD,A,3520
166447,20210930,2021,INDL,C,D,STD,AVXL,USD,A,3520
166482,20210930,2021,INDL,C,D,STD,MWA,USD,A,2010
166555,20211231,2021,INDL,C,D,STD,ATEC,USD,A,3510
166562,20211231,2021,INDL,C,D,STD,VG,USD,A,4510
166563,20211231,2021,INDL,C,D,STD,DK,USD,A,1010
166583,20211231,2021,INDL,C,D,STD,LUNA,USD,A,4520
170384,20211231,2021,INDL,C,D,STD,GOGO,USD,A,5010
170396,20211231,2021,INDL,C,D,STD,CUBI,USD,A,4010
170419,20210630,2021,INDL,C,D,STD,HTBI,USD,A,4010
170450,20210831,2021,INDL,C,D,STD,ORMP,USD,A,3520
170520,20211231,2021,INDL,C,D,STD,RDUS,USD,A,3520
170527,20210930,2021,INDL,C,D,STD,POST,USD,A,3020
170616,20210131,2020,INDL,C,D,STD,SPLK,USD,A,4510
170617,20211231,2021,INDL,C,D,STD,FB,USD,A,5020
170714,20211231,2021,INDL,C,D,STD,ESRT,USD,A,6010
170750,20211231,2021,INDL,C,D,STD,FANG,USD,A,1010
170841,20211231,2021,INDL,C,D,STD,PSX,USD,A,1010
171002,20211231,2021,INDL,C,D,STD,GMED,USD,A,3510
171007,20211231,2021,INDL,C,D,STD,NOW,USD,A,4510
171049,20211231,2021,INDL,C,D,STD,BLMN,USD,A,2530
171067,20210731,2021,INDL,C,D,STD,PANW,USD,A,4510
171141,20210131,2020,INDL,C,D,STD,FIVE,USD,A,2550
174022,20211231,2021,INDL,C,D,STD,RLGY,USD,A,6010
174049,20211231,2021,INDL,C,D,STD,PGTI,USD,A,2010
174077,20210331,2020,INDL,C,D,STD,CVLT,USD,A,4510
174134,20211231,2021,INDL,C,D,STD,PTCT,USD,A,3520
174236,20211231,2021,INDL,C,D,STD,SEM,USD,A,3510
174310,20211231,2021,INDL,C,D,STD,KBR,USD,A,2020
174389,20211231,2021,INDL,C,D,STD,EHTH,USD,A,4030
174390,20211231,2021,INDL,C,D,STD,LMAT,USD,A,3510
174428,20211231,2021,INDL,C,D,STD,INFU,USD,A,3510
174637,20211231,2021,INDL,C,D,STD,ICFI,USD,A,2020
174744,20211231,2021,INDL,C,D,STD,EVR,USD,A,4020
175007,20211231,2021,INDL,C,D,STD,ALGT,USD,A,2030
175008,20211231,2021,INDL,C,D,STD,FOLD,USD,A,3520
175263,20211231,2021,INDL,C,D,STD,WU,USD,A,4510
175307,20211231,2021,INDL,C,D,STD,DEI,USD,A,6010
175319,20211231,2021,INDL,C,D,STD,HBI,USD,A,2520
175404,20211231,2021,INDL,C,D,STD,FSLR,USD,A,4530
175523,20211231,2021,INDL,C,D,STD,GSAT,USD,A,5010
175654,20211231,2021,INDL,C,D,STD,WLDN,USD,A,2020
175686,20211231,2021,INDL,C,D,STD,PRIM,USD,A,2010
175689,20211231,2021,INDL,C,D,STD,AWI,USD,A,2010
175900,20210930,2021,INDL,C,D,STD,SBH,USD,A,2550
175955,20211231,2021,INDL,C,D,STD,IPGP,USD,A,4520
175966,20211231,2021,INDL,C,D,STD,CPRX,USD,A,3520
176017,20211231,2021,INDL,C,D,STD,ATHX,USD,A,3520
176022,20211231,2021,INDL,C,D,STD,EBS,USD,A,3520
176234,20211231,2021,INDL,C,D,STD,CTT,USD,A,6010
176247,20211231,2021,INDL,C,D,STD,AIMC,USD,A,2010
176343,20211231,2021,INDL,C,D,STD,CLNE,USD,A,1010
176362,20210430,2020,INDL,C,D,STD,AVAV,USD,A,2010
176572,20210630,2021,INDL,C,D,STD,AVNW,USD,A,4520
176591,20211231,2021,INDL,C,D,STD,EIG,USD,A,4030
176593,20211231,2021,INDL,C,D,STD,PRTS,USD,A,2550
176602,20211231,2021,INDL,C,D,STD,ESGR,USD,A,4030
176670,20210630,2021,INDL,C,D,STD,ARAY,USD,A,3510
176701,20211231,2021,INDL,C,D,STD,IBKR,USD,A,4020
176766,20210930,2021,INDL,C,D,STD,TFSL,USD,A,4010
176928,20210630,2021,INDL,C,D,STD,BR,USD,A,4510
177088,20211231,2021,INDL,C,D,STD,BX,USD,A,4020
177108,20211231,2021,INDL,C,D,STD,CNK,USD,A,5020
177111,20211231,2021,INDL,C,D,STD,TTGT,USD,A,5020
177227,20211231,2021,INDL,C,D,STD,PODD,USD,A,3510
177257,20211231,2021,INDL,C,D,STD,INFN,USD,A,4520
177287,20211231,2021,INDL,C,D,STD,JAZZ,USD,A,3520
177315,20211231,2021,INDL,C,D,STD,LLNW,USD,A,4510
177367,20211231,2021,INDL,C,D,STD,CDXC,USD,A,3520
177376,20211231,2021,INDL,C,D,STD,DFS,USD,A,4020
177637,20211231,2021,INDL,C,D,STD,AMC,USD,A,5020
177640,20211231,2021,INDL,C,D,STD,TIPT,USD,A,4030
177744,20211231,2021,INDL,C,D,STD,PRO,USD,A,4510
177881,20211231,2021,INDL,C,D,STD,MASI,USD,A,3510
177966,20211231,2021,INDL,C,D,STD,ALSN,USD,A,2010
177983,20211231,2021,INDL,C,D,STD,G,USD,A,4510
178015,20210131,2020,INDL,C,D,STD,LULU,USD,A,2520
178073,20211231,2021,INDL,C,D,STD,RILY,USD,A,4020
178083,20210131,2020,INDL,C,D,STD,VMW,USD,A,4510
178310,20211231,2021,INDL,C,D,STD,TDC,USD,A,4510
178507,20211231,2021,INDL,C,D,STD,MSCI,USD,A,4020
178519,20211231,2021,INDL,C,D,STD,LPLA,USD,A,4020
178539,20211231,2021,INDL,C,D,STD,ROIC,USD,A,6010
178552,20211231,2021,INDL,C,D,STD,TGH,USD,A,2010
178672,20211231,2021,INDL,C,D,STD,CVI,USD,A,1010
178704,20210131,2020,INDL,C,D,STD,ULTA,USD,A,2550
178797,20211231,2021,INDL,C,D,STD,APEI,USD,A,2530
178803,20211231,2021,INDL,C,D,STD,ENSG,USD,A,3510
178806,20211231,2021,INDL,C,D,STD,LL,USD,A,2550
178834,20211231,2021,INDL,C,D,STD,NFBK,USD,A,4010
178862,20211231,2021,INDL,C,D,STD,CIM,USD,A,4020
178973,20210131,2020,INDL,C,D,STD,TITN,USD,A,2010
178976,20210630,2021,INDL,C,D,STD,LRN,USD,A,2530
179413,20210630,2021,INDL,C,D,STD,CSII,USD,A,3510
179437,20211231,2021,INDL,C,D,STD,AWK,USD,A,5510
179534,20210930,2021,INDL,C,D,STD,V,USD,A,4510
179583,20210630,2021,INDL,C,D,STD,FN,USD,A,4520
179597,20211231,2021,INDL,C,D,STD,HCCI,USD,A,2020
179598,20211231,2021,INDL,C,D,STD,CLDX,USD,A,3520
179621,20211231,2021,INDL,C,D,STD,PM,USD,A,3020
179657,20210930,2021,INDL,C,D,STD,HI,USD,A,2010
179671,20211231,2021,INDL,C,D,STD,CCXI,USD,A,3520
179738,20211231,2021,INDL,C,D,STD,ERII,USD,A,2010
179741,20211231,2021,INDL,C,D,STD,KKR,USD,A,4020
179819,20211031,2021,INDL,C,D,STD,NX,USD,A,2010
179834,20211231,2021,INDL,C,D,STD,CDNA,USD,A,3520
179841,20211231,2021,INDL,C,D,STD,CDXS,USD,A,3520
179843,20211231,2021,INDL,C,D,STD,IPI,USD,A,1510
179889,20211231,2021,INDL,C,D,STD,AGNC,USD,A,4020
179974,20211231,2021,INDL,C,D,STD,HCI,USD,A,4030
180016,20211231,2021,INDL,C,D,STD,MRC,USD,A,2010
180083,20211231,2021,INDL,C,D,STD,LOPE,USD,A,2530
180183,20211231,2021,INDL,C,D,STD,HBCP,USD,A,4010
180228,20211231,2021,INDL,C,D,STD,IVR,USD,A,4020
180405,20211231,2021,INDL,C,D,STD,ATVI,USD,A,5020
180466,20211231,2021,INDL,C,D,STD,JBT,USD,A,2010
180483,20210930,2021,INDL,C,D,STD,BERY,USD,A,1510
180646,20211231,2021,INDL,C,D,STD,MYRG,USD,A,2010
180652,20211231,2021,INDL,C,D,STD,VRSK,USD,A,2020
180683,20210630,2021,INDL,C,D,STD,IBIO,USD,A,3520
180711,20211031,2021,INDL,C,D,STD,AVGO,USD,A,4530
181104,20211231,2021,INDL,C,D,STD,MDRX,USD,A,3510
181269,20211231,2021,INDL,C,D,STD,GPRE,USD,A,1010
181290,20211231,2021,INDL,C,D,STD,DMRC,USD,A,4510
181931,20211231,2021,INDL,C,D,STD,CLW,USD,A,1510
181989,20211231,2021,INDL,C,D,STD,SLCA,USD,A,1010
183283,20211231,2021,INDL,C,D,STD,ADUS,USD,A,3510
183322,20211231,2021,INDL,C,D,STD,TXMD,USD,A,3520
183324,20211231,2021,INDL,C,D,STD,PMT,USD,A,4020
183366,20211231,2021,INDL,C,D,STD,H,USD,A,2530
183377,20211231,2021,INDL,C,D,STD,FTNT,USD,A,4510
183388,20211231,2021,INDL,C,D,STD,STWD,USD,A,4020
183581,20211231,2021,INDL,C,D,STD,KAR,USD,A,2020
183593,20211231,2021,INDL,C,D,STD,OMER,USD,A,3520
183602,20211231,2021,INDL,C,D,STD,SRNE,USD,A,3520
183606,20211231,2021,INDL,C,D,STD,ARI,USD,A,4020
183640,20211231,2021,INDL,C,D,STD,IRDM,USD,A,5010
183736,20211231,2021,INDL,C,D,STD,GNRC,USD,A,2010
183780,20211231,2021,INDL,C,D,STD,TWO,USD,A,4020
183797,20211231,2021,INDL,C,D,STD,COWN,USD,A,4020
183822,20211231,2021,INDL,C,D,STD,ARR,USD,A,4020
183830,20211231,2021,INDL,C,D,STD,PEB,USD,A,6010
183833,20211231,2021,INDL,C,D,STD,TRNO,USD,A,6010
183902,20211231,2021,INDL,C,D,STD,EFC,USD,A,4020
183903,20211231,2021,INDL,C,D,STD,CALX,USD,A,4520
183942,20211231,2021,INDL,C,D,STD,ST,USD,A,2010
183974,20211231,2021,INDL,C,D,STD,SPSC,USD,A,4510
184113,20211231,2021,INDL,C,D,STD,VUZI,USD,A,2520
184167,20211231,2021,INDL,C,D,STD,FIBK,USD,A,4010
184254,20211231,2021,INDL,C,D,STD,APO,USD,A,4020
184256,20211231,2021,INDL,C,D,STD,IRWD,USD,A,3520
184258,20211231,2021,INDL,C,D,STD,PLOW,USD,A,2010
184263,20210630,2021,INDL,C,D,STD,QNST,USD,A,5020
184352,20211231,2021,INDL,C,D,STD,STNG,USD,A,1010
184392,20211231,2021,INDL,C,D,STD,GDOT,USD,A,4020
184465,20211231,2021,INDL,C,D,STD,AMPE,USD,A,3520
184500,20211231,2021,INDL,C,D,STD,CBOE,USD,A,4020
184551,20211231,2021,INDL,C,D,STD,MXL,USD,A,4530
184576,20211231,2021,INDL,C,D,STD,ENV,USD,A,4510
184604,20210630,2021,INDL,C,D,STD,AOSL,USD,A,4530
184688,20211231,2021,INDL,C,D,STD,CLDT,USD,A,6010
184700,20211231,2021,INDL,C,D,STD,FLT,USD,A,4510
184702,20211231,2021,INDL,C,D,STD,NPTN,USD,A,4530
184717,20211231,2021,INDL,C,D,STD,AMRS,USD,A,1510
184725,20211231,2021,INDL,C,D,STD,NXPI,USD,A,4530
184899,20211231,2021,INDL,C,D,STD,FAF,USD,A,4030
184957,20211231,2021,INDL,C,D,STD,WKHS,USD,A,2510
184996,20211231,2021,INDL,C,D,STD,TSLA,USD,A,2510
185018,20211231,2021,INDL,C,D,STD,HPP,USD,A,6010
185128,20211231,2021,INDL,C,D,STD,AMRC,USD,A,2010
185138,20211231,2021,INDL,C,D,STD,VPG,USD,A,4520
185229,20211231,2021,INDL,C,D,STD,BWXT,USD,A,2010
185339,20211231,2021,INDL,C,D,STD,STAG,USD,A,6010
185345,20211231,2021,INDL,C,D,STD,APTS,USD,A,6010
185355,20211231,2021,INDL,C,D,STD,HZNP,USD,A,3520
185370,20211231,2021,INDL,C,D,STD,WD,USD,A,4010
185375,20211231,2021,INDL,C,D,STD,EVTC,USD,A,4510
185396,20211231,2021,INDL,C,D,STD,INN,USD,A,6010
185419,20211231,2021,INDL,C,D,STD,PACB,USD,A,3520
185453,20211231,2021,INDL,C,D,STD,WSR,USD,A,6010
185532,20211231,2021,INDL,C,D,STD,TRGP,USD,A,1010
185549,20211231,2021,INDL,C,D,STD,AAT,USD,A,6010
185618,20211231,2021,INDL,C,D,STD,SBRA,USD,A,6010
185624,20211231,2021,INDL,C,D,STD,SAVE,USD,A,2030
185659,20211231,2021,INDL,C,D,STD,ATOS,USD,A,3520
185770,20211231,2021,INDL,C,D,STD,CMRE,USD,A,2030
185797,20211231,2021,INDL,C,D,STD,HHC,USD,A,6010
185824,20211231,2021,INDL,C,D,STD,BKU,USD,A,4010
185836,20211231,2021,INDL,C,D,STD,PCRX,USD,A,3520
185881,20210331,2020,INDL,C,D,STD,BAH,USD,A,2020
185952,20211031,2021,INDL,C,D,STD,REVG,USD,A,2010
186276,20211231,2021,INDL,C,D,STD,KOS,USD,A,1010
186278,20211231,2021,INDL,C,D,STD,AL,USD,A,2010
186310,20211231,2021,INDL,C,D,STD,HII,USD,A,2010
186360,20210331,2020,INDL,C,D,STD,THR,USD,A,2010
186363,20211231,2021,INDL,C,D,STD,RLJ,USD,A,6010
186392,20211231,2021,INDL,C,D,STD,SEAS,USD,A,2530
186437,20211231,2021,INDL,C,D,STD,GEVO,USD,A,1010
186773,20211231,2021,INDL,C,D,STD,SXC,USD,A,1510
186858,20210930,2021,INDL,C,D,STD,ARMK,USD,A,2530
186960,20211231,2021,INDL,C,D,STD,CHEF,USD,A,3010
186989,20211231,2021,INDL,C,D,STD,MPC,USD,A,1010
187039,20211231,2021,INDL,C,D,STD,Z,USD,A,6010
187084,20211231,2021,INDL,C,D,STD,PRTY,USD,A,2550
187148,20211231,2021,INDL,C,D,STD,ORC,USD,A,4020
187164,20211231,2021,INDL,C,D,STD,HMST,USD,A,4010
187236,20211231,2021,INDL,C,D,STD,MSBI,USD,A,4010
187253,20211231,2021,INDL,C,D,STD,RM,USD,A,4020
187363,20211231,2021,INDL,C,D,STD,GRPN,USD,A,2550
187368,20210331,2020,INDL,C,D,STD,VTGN,USD,A,3520
187406,20211231,2021,INDL,C,D,STD,AMCX,USD,A,5020
187450,20211231,2021,INDL,C,D,STD,ENPH,USD,A,4530
187550,20211231,2021,INDL,C,D,STD,ASPN,USD,A,1510
187575,20210131,2020,INDL,C,D,STD,TLYS,USD,A,2550
187576,20211231,2021,INDL,C,D,STD,ZNGA,USD,A,5020
187690,20211231,2021,INDL,C,D,STD,HTA,USD,A,6010
187692,20211231,2021,INDL,C,D,STD,REGI,USD,A,1010
187696,20211231,2021,INDL,C,D,STD,PRLB,USD,A,2010
187697,20211231,2021,INDL,C,D,STD,EPAM,USD,A,4510
187740,20210930,2021,INDL,C,D,STD,MTSI,USD,A,4530
187775,20211231,2021,INDL,C,D,STD,CHUY,USD,A,2530
187812,20211231,2021,INDL,C,D,STD,MTDR,USD,A,1010
187959,20211231,2021,INDL,C,D,STD,BCOV,USD,A,4510
187961,20211231,2021,INDL,C,D,STD,LPI,USD,A,1010
188255,20211231,2021,INDL,C,D,STD,FBHS,USD,A,2010
189459,20211231,2021,INDL,C,D,STD,CG,USD,A,4020
189491,20211231,2021,INDL,C,D,STD,XYL,USD,A,2010
189516,20211231,2021,INDL,C,D,STD,ACRE,USD,A,4020
189517,20211231,2021,INDL,C,D,STD,ENVA,USD,A,4020
190355,20211231,2021,INDL,C,D,STD,AXGN,USD,A,3510
190455,20210731,2021,INDL,C,D,STD,GWRE,USD,A,4510
190856,20211231,2021,INDL,C,D,STD,TNXP,USD,A,3520
190963,20211231,2021,INDL,C,D,STD,NBHC,USD,A,4010
192255,20211231,2021,INDL,C,D,STD,ACHC,USD,A,3510
196055,20211231,2021,INDL,C,D,STD,CLVS,USD,A,3520
196159,20211231,2021,INDL,C,D,STD,PBF,USD,A,1010
196268,20211231,2021,INDL,C,D,STD,YELP,USD,A,5020
199356,20211231,2021,INDL,C,D,STD,TRIP,USD,A,5020
245918,20211231,2021,INDL,C,D,STD,IGT,USD,A,2530
258869,20211231,2021,INDL,C,D,STD,TPH,USD,A,2520
260751,20211231,2021,INDL,C,D,STD,NTB,USD,A,4010
260893,20211231,2021,INDL,C,D,STD,BLKB,USD,A,4510
263277,20211231,2021,INDL,C,D,STD,TRTN,USD,A,2010
264265,20211231,2021,INDL,C,D,STD,ALNY,USD,A,3520
264385,20211231,2021,INDL,C,D,STD,NUVA,USD,A,3510
264387,20210531,2020,INDL,C,D,STD,ANGO,USD,A,3510
264416,20211231,2021,INDL,C,D,STD,UCTT,USD,A,4530
266214,20211231,2021,INDL,C,D,STD,CNS,USD,A,4020
266315,20211231,2021,INDL,C,D,STD,KRG,USD,A,6010
294524,20211231,2021,INDL,C,D,STD,LYB,USD,A,1510
312009,20211231,2021,INDL,C,D,STD,FRO,USD,A,1010
316056,20211231,2021,INDL,C,D,STD,ALLE,USD,A,2010
317264,20210331,2020,INDL,C,D,STD,LPG,USD,A,1010
